seed,fold,feature_set,model,balanced_accuracy,f1,roc_auc,average_precision,precision,recall
0,0,clinical_only,dummy_most_frequent,0.5,0.8275862068965517,0.5,0.7058823529411765,0.7058823529411765,1.0
0,1,clinical_only,dummy_most_frequent,0.5,0.8275862068965517,0.5,0.7058823529411765,0.7058823529411765,1.0
0,2,clinical_only,dummy_most_frequent,0.5,0.8275862068965517,0.5,0.7058823529411765,0.7058823529411765,1.0
0,3,clinical_only,dummy_most_frequent,0.5,0.8275862068965517,0.5,0.7058823529411765,0.7058823529411765,1.0
0,4,clinical_only,dummy_most_frequent,0.5,0.7857142857142857,0.5,0.6470588235294118,0.6470588235294118,1.0
0,0,clinical_only,dummy_stratified,0.5333333333333333,0.6956521739130435,0.5333333333333333,0.7201426024955437,0.7272727272727273,0.6666666666666666
0,1,clinical_only,dummy_stratified,0.3916666666666667,0.6086956521739131,0.3916666666666667,0.6653297682709447,0.6363636363636364,0.5833333333333334
0,2,clinical_only,dummy_stratified,0.3916666666666667,0.6086956521739131,0.3916666666666667,0.6653297682709447,0.6363636363636364,0.5833333333333334
0,3,clinical_only,dummy_stratified,0.5333333333333333,0.6956521739130435,0.5333333333333333,0.7201426024955437,0.7272727272727273,0.6666666666666666
0,4,clinical_only,dummy_stratified,0.356060606060606,0.5454545454545454,0.356060606060606,0.5916383082158483,0.5454545454545454,0.5454545454545454
0,0,clinical_only,logistic_regression,0.6166666666666667,0.8,0.6333333333333333,0.8409123284123284,0.7692307692307693,0.8333333333333334
0,1,clinical_only,logistic_regression,0.65,0.631578947368421,0.6666666666666666,0.8465820671703025,0.8571428571428571,0.5
0,2,clinical_only,logistic_regression,0.775,0.8181818181818182,0.9,0.9613858363858364,0.9,0.75
0,3,clinical_only,logistic_regression,0.7333333333333334,0.7619047619047619,0.8333333333333334,0.8877666315166316,0.8888888888888888,0.6666666666666666
0,4,clinical_only,logistic_regression,0.6212121212121212,0.8,0.8484848484848485,0.9242229992229992,0.7142857142857143,0.9090909090909091
0,0,clinical_only,random_forest,0.5166666666666667,0.7692307692307693,0.6333333333333333,0.8366973304473305,0.7142857142857143,0.8333333333333334
0,1,clinical_only,random_forest,0.875,0.8571428571428571,1.0,0.9999999999999999,1.0,0.75
0,2,clinical_only,random_forest,0.6,0.8571428571428571,0.9166666666666667,0.9676989676989677,0.75,1.0
0,3,clinical_only,random_forest,0.7583333333333333,0.88,0.7833333333333333,0.8128276815776815,0.8461538461538461,0.9166666666666666
0,4,clinical_only,random_forest,0.7045454545454546,0.8333333333333334,0.803030303030303,0.9006561620197984,0.7692307692307693,0.9090909090909091
0,0,clinical_only,gradient_boosting,0.575,0.75,0.48333333333333334,0.6936570374070374,0.75,0.75
0,1,clinical_only,gradient_boosting,0.6666666666666666,0.5,0.9,0.9663461538461539,1.0,0.3333333333333333
0,2,clinical_only,gradient_boosting,0.5166666666666667,0.7692307692307693,0.7333333333333334,0.908625116713352,0.7142857142857143,0.8333333333333334
0,3,clinical_only,gradient_boosting,0.6166666666666667,0.8,0.7000000000000001,0.7886213323713324,0.7692307692307693,0.8333333333333334
0,4,clinical_only,gradient_boosting,0.5757575757575758,0.75,0.6818181818181819,0.811699790108881,0.6923076923076923,0.8181818181818182
0,0,clinical_only,svm_rbf,0.475,0.72,0.5666666666666667,0.7770442520442521,0.6923076923076923,0.75
0,1,clinical_only,svm_rbf,0.775,0.8181818181818182,0.8666666666666667,0.9515873015873016,0.9,0.75
0,2,clinical_only,svm_rbf,0.8,0.9230769230769231,0.8833333333333333,0.9501063751063751,0.8571428571428571,1.0
0,3,clinical_only,svm_rbf,0.8583333333333334,0.9166666666666666,0.8,0.894176887926888,0.9166666666666666,0.9166666666666666
0,4,clinical_only,svm_rbf,0.8257575757575758,0.8571428571428571,0.9090909090909092,0.9406172110717566,0.9,0.8181818181818182
0,0,clinical_only,mlp_sklearn,0.4166666666666667,0.7407407407407407,0.6166666666666668,0.8557887170019524,0.6666666666666666,0.8333333333333334
0,1,clinical_only,mlp_sklearn,0.375,0.6923076923076923,0.5833333333333334,0.8598575648208001,0.6428571428571429,0.75
0,2,clinical_only,mlp_sklearn,0.5,0.8275862068965517,0.6666666666666666,0.8833313132945486,0.7058823529411765,1.0
0,3,clinical_only,mlp_sklearn,0.6166666666666667,0.8,0.6666666666666667,0.8413299663299664,0.7692307692307693,0.8333333333333334
0,4,clinical_only,mlp_sklearn,0.5757575757575758,0.75,0.6363636363636365,0.8028581267217632,0.6923076923076923,0.8181818181818182
0,0,video_only,dummy_most_frequent,0.5,0.8275862068965517,0.5,0.7058823529411765,0.7058823529411765,1.0
0,1,video_only,dummy_most_frequent,0.5,0.8275862068965517,0.5,0.7058823529411765,0.7058823529411765,1.0
0,2,video_only,dummy_most_frequent,0.5,0.8275862068965517,0.5,0.7058823529411765,0.7058823529411765,1.0
0,3,video_only,dummy_most_frequent,0.5,0.8275862068965517,0.5,0.7058823529411765,0.7058823529411765,1.0
0,4,video_only,dummy_most_frequent,0.5,0.7857142857142857,0.5,0.6470588235294118,0.6470588235294118,1.0
0,0,video_only,dummy_stratified,0.5333333333333333,0.6956521739130435,0.5333333333333333,0.7201426024955437,0.7272727272727273,0.6666666666666666
0,1,video_only,dummy_stratified,0.3916666666666667,0.6086956521739131,0.3916666666666667,0.6653297682709447,0.6363636363636364,0.5833333333333334
0,2,video_only,dummy_stratified,0.3916666666666667,0.6086956521739131,0.3916666666666667,0.6653297682709447,0.6363636363636364,0.5833333333333334
0,3,video_only,dummy_stratified,0.5333333333333333,0.6956521739130435,0.5333333333333333,0.7201426024955437,0.7272727272727273,0.6666666666666666
0,4,video_only,dummy_stratified,0.356060606060606,0.5454545454545454,0.356060606060606,0.5916383082158483,0.5454545454545454,0.5454545454545454
0,0,video_only,logistic_regression,0.7583333333333333,0.88,0.9333333333333333,0.9763888888888889,0.8461538461538461,0.9166666666666666
0,1,video_only,logistic_regression,0.7916666666666667,0.7368421052631579,0.9333333333333333,0.9763888888888889,1.0,0.5833333333333334
0,2,video_only,logistic_regression,0.8333333333333333,0.8,0.9,0.9646464646464646,1.0,0.6666666666666666
0,3,video_only,logistic_regression,0.7333333333333334,0.7619047619047619,0.7999999999999999,0.9194113756613757,0.8888888888888888,0.6666666666666666
0,4,video_only,logistic_regression,0.6893939393939394,0.6666666666666666,0.6969696969696969,0.8294981533617897,0.8571428571428571,0.5454545454545454
0,0,video_only,random_forest,0.6,0.8571428571428571,0.85,0.947420634920635,0.75,1.0
0,1,video_only,random_forest,0.7333333333333334,0.7619047619047619,0.9166666666666667,0.961476948976949,0.8888888888888888,0.6666666666666666
0,2,video_only,random_forest,0.775,0.8181818181818182,0.9166666666666667,0.9676989676989677,0.9,0.75
0,3,video_only,random_forest,0.7166666666666667,0.8333333333333334,0.7666666666666666,0.9051857864357865,0.8333333333333334,0.8333333333333334
0,4,video_only,random_forest,0.5227272727272727,0.6,0.6515151515151515,0.8149293887930252,0.6666666666666666,0.5454545454545454
0,0,video_only,gradient_boosting,0.6166666666666667,0.8,0.5833333333333334,0.8175657675657676,0.7692307692307693,0.8333333333333334
0,1,video_only,gradient_boosting,0.8166666666666667,0.8695652173913043,0.7833333333333332,0.901291015629251,0.9090909090909091,0.8333333333333334
0,2,video_only,gradient_boosting,0.775,0.8181818181818182,0.7833333333333333,0.9248015873015873,0.9,0.75
0,3,video_only,gradient_boosting,0.6166666666666667,0.8,0.7000000000000001,0.8761967199467201,0.7692307692307693,0.8333333333333334
0,4,video_only,gradient_boosting,0.5303030303030303,0.6956521739130435,0.5909090909090908,0.7451930645112463,0.6666666666666666,0.7272727272727273
0,0,video_only,svm_rbf,0.7583333333333333,0.88,0.9333333333333333,0.973575036075036,0.8461538461538461,0.9166666666666666
0,1,video_only,svm_rbf,0.8333333333333333,0.8,0.9333333333333333,0.9707362082362082,1.0,0.6666666666666666
0,2,video_only,svm_rbf,0.8333333333333333,0.8,0.9166666666666667,0.9676989676989677,1.0,0.6666666666666666
0,3,video_only,svm_rbf,0.6916666666666667,0.7,0.7833333333333333,0.9088667732050085,0.875,0.5833333333333334
0,4,video_only,svm_rbf,0.6439393939393939,0.5882352941176471,0.7121212121212122,0.8426948051948052,0.8333333333333334,0.45454545454545453
0,0,video_only,mlp_sklearn,0.4666666666666667,0.4444444444444444,0.55,0.7833337414219769,0.6666666666666666,0.3333333333333333
0,1,video_only,mlp_sklearn,0.5833333333333334,0.2857142857142857,0.75,0.9076210826210827,1.0,0.16666666666666666
0,2,video_only,mlp_sklearn,0.8583333333333334,0.9166666666666666,0.8666666666666667,0.9526366607248961,0.9166666666666666,0.9166666666666666
0,3,video_only,mlp_sklearn,0.6333333333333333,0.7272727272727273,0.6666666666666667,0.8714993952126305,0.8,0.6666666666666666
0,4,video_only,mlp_sklearn,0.4318181818181818,0.4444444444444444,0.5303030303030303,0.7715825840825841,0.5714285714285714,0.36363636363636365
0,0,multimodal,dummy_most_frequent,0.5,0.8275862068965517,0.5,0.7058823529411765,0.7058823529411765,1.0
0,1,multimodal,dummy_most_frequent,0.5,0.8275862068965517,0.5,0.7058823529411765,0.7058823529411765,1.0
0,2,multimodal,dummy_most_frequent,0.5,0.8275862068965517,0.5,0.7058823529411765,0.7058823529411765,1.0
0,3,multimodal,dummy_most_frequent,0.5,0.8275862068965517,0.5,0.7058823529411765,0.7058823529411765,1.0
0,4,multimodal,dummy_most_frequent,0.5,0.7857142857142857,0.5,0.6470588235294118,0.6470588235294118,1.0
0,0,multimodal,dummy_stratified,0.5333333333333333,0.6956521739130435,0.5333333333333333,0.7201426024955437,0.7272727272727273,0.6666666666666666
0,1,multimodal,dummy_stratified,0.3916666666666667,0.6086956521739131,0.3916666666666667,0.6653297682709447,0.6363636363636364,0.5833333333333334
0,2,multimodal,dummy_stratified,0.3916666666666667,0.6086956521739131,0.3916666666666667,0.6653297682709447,0.6363636363636364,0.5833333333333334
0,3,multimodal,dummy_stratified,0.5333333333333333,0.6956521739130435,0.5333333333333333,0.7201426024955437,0.7272727272727273,0.6666666666666666
0,4,multimodal,dummy_stratified,0.356060606060606,0.5454545454545454,0.356060606060606,0.5916383082158483,0.5454545454545454,0.5454545454545454
0,0,multimodal,logistic_regression,0.6583333333333333,0.8461538461538461,0.7833333333333333,0.9212454212454212,0.7857142857142857,0.9166666666666666
0,1,multimodal,logistic_regression,0.6916666666666667,0.7,0.8333333333333333,0.9375013330895684,0.875,0.5833333333333334
0,2,multimodal,logistic_regression,0.7583333333333333,0.88,0.9166666666666667,0.9676989676989677,0.8461538461538461,0.9166666666666666
0,3,multimodal,logistic_regression,0.7333333333333334,0.7619047619047619,0.9,0.9593656343656344,0.8888888888888888,0.6666666666666666
0,4,multimodal,logistic_regression,0.6515151515151515,0.7,0.6212121212121211,0.8073329448329448,0.7777777777777778,0.6363636363636364
0,0,multimodal,random_forest,0.5583333333333333,0.8148148148148148,0.8166666666666667,0.925724506974507,0.7333333333333333,0.9166666666666666
0,1,multimodal,random_forest,0.8333333333333333,0.8,0.9666666666666668,0.9866452991452991,1.0,0.6666666666666666
0,2,multimodal,random_forest,0.8,0.9230769230769231,0.9,0.9559824434824434,0.8571428571428571,1.0
0,3,multimodal,random_forest,0.6583333333333333,0.8461538461538461,0.9166666666666667,0.9722222222222222,0.7857142857142857,0.9166666666666666
0,4,multimodal,random_forest,0.696969696969697,0.7619047619047619,0.7424242424242424,0.8334582084582085,0.8,0.7272727272727273
0,0,multimodal,gradient_boosting,0.575,0.75,0.43333333333333335,0.6942311773194125,0.75,0.75
0,1,multimodal,gradient_boosting,0.75,0.6666666666666666,0.9166666666666667,0.961476948976949,1.0,0.5
0,2,multimodal,gradient_boosting,0.6583333333333333,0.8461538461538461,0.7666666666666666,0.911986161986162,0.7857142857142857,0.9166666666666666
0,3,multimodal,gradient_boosting,0.5333333333333333,0.6956521739130435,0.5583333333333333,0.7756224712107065,0.7272727272727273,0.6666666666666666
0,4,multimodal,gradient_boosting,0.5378787878787878,0.7692307692307693,0.6969696969696969,0.7469811753902663,0.6666666666666666,0.9090909090909091
0,0,multimodal,svm_rbf,0.7,0.8888888888888888,0.8500000000000001,0.9390313390313391,0.8,1.0
0,1,multimodal,svm_rbf,0.9166666666666667,0.9090909090909091,0.9333333333333333,0.9752747252747253,1.0,0.8333333333333334
0,2,multimodal,svm_rbf,0.675,0.782608695652174,0.8666666666666667,0.9462343212343213,0.8181818181818182,0.75
0,3,multimodal,svm_rbf,0.8166666666666667,0.8695652173913043,0.8833333333333333,0.9563131313131313,0.9090909090909091,0.8333333333333334
0,4,multimodal,svm_rbf,0.8257575757575758,0.8571428571428571,0.8181818181818181,0.8960844710844712,0.9,0.8181818181818182
0,0,multimodal,mlp_sklearn,0.45,0.5714285714285714,0.44999999999999996,0.7492088385470738,0.6666666666666666,0.5
0,1,multimodal,mlp_sklearn,0.35,0.5454545454545454,0.4333333333333333,0.7641393941026294,0.6,0.5
0,2,multimodal,mlp_sklearn,0.5166666666666667,0.7692307692307693,0.6833333333333333,0.8733134920634921,0.7142857142857143,0.8333333333333334
0,3,multimodal,mlp_sklearn,0.5166666666666667,0.7692307692307693,0.6666666666666666,0.8803220540352893,0.7142857142857143,0.8333333333333334
0,4,multimodal,mlp_sklearn,0.5681818181818181,0.6666666666666666,0.696969696969697,0.8480962219598583,0.7,0.6363636363636364
1,0,clinical_only,dummy_most_frequent,0.5,0.8275862068965517,0.5,0.7058823529411765,0.7058823529411765,1.0
1,1,clinical_only,dummy_most_frequent,0.5,0.8275862068965517,0.5,0.7058823529411765,0.7058823529411765,1.0
1,2,clinical_only,dummy_most_frequent,0.5,0.8275862068965517,0.5,0.7058823529411765,0.7058823529411765,1.0
1,3,clinical_only,dummy_most_frequent,0.5,0.8275862068965517,0.5,0.7058823529411765,0.7058823529411765,1.0
1,4,clinical_only,dummy_most_frequent,0.5,0.7857142857142857,0.5,0.6470588235294118,0.6470588235294118,1.0
1,0,clinical_only,dummy_stratified,0.3916666666666667,0.6086956521739131,0.3916666666666667,0.6653297682709447,0.6363636363636364,0.5833333333333334
1,1,clinical_only,dummy_stratified,0.675,0.782608695652174,0.675,0.7901069518716578,0.8181818181818182,0.75
1,2,clinical_only,dummy_stratified,0.3916666666666667,0.6086956521739131,0.3916666666666667,0.6653297682709447,0.6363636363636364,0.5833333333333334
1,3,clinical_only,dummy_stratified,0.675,0.782608695652174,0.675,0.7901069518716578,0.8181818181818182,0.75
1,4,clinical_only,dummy_stratified,0.356060606060606,0.5454545454545454,0.356060606060606,0.5916383082158483,0.5454545454545454,0.5454545454545454
1,0,clinical_only,logistic_regression,0.6333333333333333,0.7272727272727273,0.55,0.7811614923747278,0.8,0.6666666666666666
1,1,clinical_only,logistic_regression,0.675,0.782608695652174,0.75,0.9065841021723375,0.8181818181818182,0.75
1,2,clinical_only,logistic_regression,0.6916666666666667,0.7,0.9166666666666667,0.961476948976949,0.875,0.5833333333333334
1,3,clinical_only,logistic_regression,0.7333333333333334,0.7619047619047619,0.8333333333333333,0.9265583953083953,0.8888888888888888,0.6666666666666666
1,4,clinical_only,logistic_regression,0.7424242424242424,0.8181818181818182,0.6212121212121212,0.7312001426974689,0.8181818181818182,0.8181818181818182
1,0,clinical_only,random_forest,0.775,0.8181818181818182,0.8,0.9125432437932438,0.9,0.75
1,1,clinical_only,random_forest,0.675,0.782608695652174,0.8166666666666667,0.9217964905464906,0.8181818181818182,0.75
1,2,clinical_only,random_forest,0.7,0.8888888888888888,0.9500000000000001,0.9790695415695415,0.8,1.0
1,3,clinical_only,random_forest,0.8583333333333334,0.9166666666666666,0.9333333333333333,0.9707362082362082,0.9166666666666666,0.9166666666666666
1,4,clinical_only,random_forest,0.6666666666666666,0.8461538461538461,0.7424242424242425,0.7960362869453779,0.7333333333333333,1.0
1,0,clinical_only,gradient_boosting,0.575,0.75,0.7,0.8439576627076627,0.75,0.75
1,1,clinical_only,gradient_boosting,0.6166666666666667,0.8,0.7666666666666667,0.9179670479302833,0.7692307692307693,0.8333333333333334
1,2,clinical_only,gradient_boosting,0.6166666666666667,0.8,0.7166666666666668,0.8852394745777099,0.7692307692307693,0.8333333333333334
1,3,clinical_only,gradient_boosting,0.675,0.782608695652174,0.9,0.9613858363858364,0.8181818181818182,0.75
1,4,clinical_only,gradient_boosting,0.6666666666666666,0.8461538461538461,0.6666666666666667,0.7408493022129385,0.7333333333333333,1.0
1,0,clinical_only,svm_rbf,0.675,0.782608695652174,0.8333333333333333,0.9390873015873016,0.8181818181818182,0.75
1,1,clinical_only,svm_rbf,0.6333333333333333,0.7272727272727273,0.7499999999999999,0.8867995430495431,0.8,0.6666666666666666
1,2,clinical_only,svm_rbf,0.9,0.96,1.0,0.9999999999999999,0.9230769230769231,1.0
1,3,clinical_only,svm_rbf,0.8583333333333334,0.9166666666666666,0.9333333333333333,0.9707362082362082,0.9166666666666666,0.9166666666666666
1,4,clinical_only,svm_rbf,0.6666666666666666,0.8461538461538461,0.5,0.6201200314836679,0.7333333333333333,1.0
1,0,clinical_only,mlp_sklearn,0.7583333333333333,0.88,0.8666666666666667,0.950437062937063,0.8461538461538461,0.9166666666666666
1,1,clinical_only,mlp_sklearn,0.575,0.75,0.5,0.7338475794358147,0.75,0.75
1,2,clinical_only,mlp_sklearn,0.4166666666666667,0.7407407407407407,0.5833333333333334,0.8598575648208001,0.6666666666666666,0.8333333333333334
1,3,clinical_only,mlp_sklearn,0.5,0.8275862068965517,0.9,0.960479797979798,0.7058823529411765,1.0
1,4,clinical_only,mlp_sklearn,0.36363636363636365,0.64,0.5303030303030303,0.7951379725443898,0.5714285714285714,0.7272727272727273
1,0,video_only,dummy_most_frequent,0.5,0.8275862068965517,0.5,0.7058823529411765,0.7058823529411765,1.0
1,1,video_only,dummy_most_frequent,0.5,0.8275862068965517,0.5,0.7058823529411765,0.7058823529411765,1.0
1,2,video_only,dummy_most_frequent,0.5,0.8275862068965517,0.5,0.7058823529411765,0.7058823529411765,1.0
1,3,video_only,dummy_most_frequent,0.5,0.8275862068965517,0.5,0.7058823529411765,0.7058823529411765,1.0
1,4,video_only,dummy_most_frequent,0.5,0.7857142857142857,0.5,0.6470588235294118,0.6470588235294118,1.0
1,0,video_only,dummy_stratified,0.3916666666666667,0.6086956521739131,0.3916666666666667,0.6653297682709447,0.6363636363636364,0.5833333333333334
1,1,video_only,dummy_stratified,0.675,0.782608695652174,0.675,0.7901069518716578,0.8181818181818182,0.75
1,2,video_only,dummy_stratified,0.3916666666666667,0.6086956521739131,0.3916666666666667,0.6653297682709447,0.6363636363636364,0.5833333333333334
1,3,video_only,dummy_stratified,0.675,0.782608695652174,0.675,0.7901069518716578,0.8181818181818182,0.75
1,4,video_only,dummy_stratified,0.356060606060606,0.5454545454545454,0.356060606060606,0.5916383082158483,0.5454545454545454,0.5454545454545454
1,0,video_only,logistic_regression,0.875,0.8571428571428571,0.9,0.9663461538461539,1.0,0.75
1,1,video_only,logistic_regression,0.7916666666666667,0.7368421052631579,0.9,0.9629370629370629,1.0,0.5833333333333334
1,2,video_only,logistic_regression,0.775,0.8181818181818182,0.8333333333333334,0.9247324434824434,0.9,0.75
1,3,video_only,logistic_regression,0.675,0.782608695652174,0.7833333333333333,0.9302177601809956,0.8181818181818182,0.75
1,4,video_only,logistic_regression,0.7348484848484849,0.7368421052631579,0.8484848484848484,0.9192935852026762,0.875,0.6363636363636364
1,0,video_only,random_forest,0.7166666666666667,0.8333333333333334,0.8666666666666667,0.952457264957265,0.8333333333333334,0.8333333333333334
1,1,video_only,random_forest,0.6333333333333333,0.7272727272727273,0.7833333333333333,0.9048550986050986,0.8,0.6666666666666666
1,2,video_only,random_forest,0.7166666666666667,0.8333333333333334,0.7833333333333333,0.9048550986050986,0.8333333333333334,0.8333333333333334
1,3,video_only,random_forest,0.475,0.72,0.75,0.921670751633987,0.6923076923076923,0.75
1,4,video_only,random_forest,0.8257575757575758,0.8571428571428571,0.8333333333333334,0.9277434983317336,0.9,0.8181818181818182
1,0,video_only,gradient_boosting,0.775,0.8181818181818182,0.7833333333333333,0.9150462962962964,0.9,0.75
1,1,video_only,gradient_boosting,0.6333333333333333,0.7272727272727273,0.6833333333333333,0.8760781497913851,0.8,0.6666666666666666
1,2,video_only,gradient_boosting,0.6583333333333333,0.8461538461538461,0.6666666666666666,0.7724476911976912,0.7857142857142857,0.9166666666666666
1,3,video_only,gradient_boosting,0.375,0.6923076923076923,0.7333333333333334,0.9133374183006536,0.6428571428571429,0.75
1,4,video_only,gradient_boosting,0.7803030303030303,0.8,0.7424242424242424,0.8950428656311009,0.8888888888888888,0.7272727272727273
1,0,video_only,svm_rbf,0.9166666666666667,0.9090909090909091,0.8833333333333333,0.9626696832579186,1.0,0.8333333333333334
1,1,video_only,svm_rbf,0.7916666666666667,0.7368421052631579,0.85,0.9414724164724165,1.0,0.5833333333333334
1,2,video_only,svm_rbf,0.7333333333333334,0.7619047619047619,0.8333333333333334,0.9286146723646724,0.8888888888888888,0.6666666666666666
1,3,video_only,svm_rbf,0.8166666666666667,0.8695652173913043,0.8166666666666668,0.9418727718360071,0.9090909090909091,0.8333333333333334
1,4,video_only,svm_rbf,0.7803030303030303,0.8,0.893939393939394,0.9403069153069153,0.8888888888888888,0.7272727272727273
1,0,video_only,mlp_sklearn,0.6333333333333333,0.7272727272727273,0.7333333333333334,0.903741458704694,0.8,0.6666666666666666
1,1,video_only,mlp_sklearn,0.625,0.4,0.6333333333333333,0.8635598810231163,1.0,0.25
1,2,video_only,mlp_sklearn,0.7166666666666667,0.8333333333333334,0.7,0.8852229401861755,0.8333333333333334,0.8333333333333334
1,3,video_only,mlp_sklearn,0.7166666666666667,0.8333333333333334,0.8166666666666667,0.9354108309990663,0.8333333333333334,0.8333333333333334
1,4,video_only,mlp_sklearn,0.5606060606060606,0.5555555555555556,0.6060606060606061,0.8172650878533232,0.7142857142857143,0.45454545454545453
1,0,multimodal,dummy_most_frequent,0.5,0.8275862068965517,0.5,0.7058823529411765,0.7058823529411765,1.0
1,1,multimodal,dummy_most_frequent,0.5,0.8275862068965517,0.5,0.7058823529411765,0.7058823529411765,1.0
1,2,multimodal,dummy_most_frequent,0.5,0.8275862068965517,0.5,0.7058823529411765,0.7058823529411765,1.0
1,3,multimodal,dummy_most_frequent,0.5,0.8275862068965517,0.5,0.7058823529411765,0.7058823529411765,1.0
1,4,multimodal,dummy_most_frequent,0.5,0.7857142857142857,0.5,0.6470588235294118,0.6470588235294118,1.0
1,0,multimodal,dummy_stratified,0.3916666666666667,0.6086956521739131,0.3916666666666667,0.6653297682709447,0.6363636363636364,0.5833333333333334
1,1,multimodal,dummy_stratified,0.675,0.782608695652174,0.675,0.7901069518716578,0.8181818181818182,0.75
1,2,multimodal,dummy_stratified,0.3916666666666667,0.6086956521739131,0.3916666666666667,0.6653297682709447,0.6363636363636364,0.5833333333333334
1,3,multimodal,dummy_stratified,0.675,0.782608695652174,0.675,0.7901069518716578,0.8181818181818182,0.75
1,4,multimodal,dummy_stratified,0.356060606060606,0.5454545454545454,0.356060606060606,0.5916383082158483,0.5454545454545454,0.5454545454545454
1,0,multimodal,logistic_regression,0.675,0.782608695652174,0.7,0.8754722129722131,0.8181818181818182,0.75
1,1,multimodal,logistic_regression,0.8166666666666667,0.8695652173913043,0.85,0.950057295645531,0.9090909090909091,0.8333333333333334
1,2,multimodal,logistic_regression,0.7333333333333334,0.7619047619047619,0.9166666666666667,0.961476948976949,0.8888888888888888,0.6666666666666666
1,3,multimodal,logistic_regression,0.8166666666666667,0.8695652173913043,0.9166666666666667,0.9676989676989677,0.9090909090909091,0.8333333333333334
1,4,multimodal,logistic_regression,0.7424242424242424,0.8181818181818182,0.7575757575757576,0.8729718513809422,0.8181818181818182,0.8181818181818182
1,0,multimodal,random_forest,0.7583333333333333,0.88,0.8833333333333333,0.9563131313131313,0.8461538461538461,0.9166666666666666
1,1,multimodal,random_forest,0.8166666666666667,0.8695652173913043,0.8666666666666667,0.9396897084397084,0.9090909090909091,0.8333333333333334
1,2,multimodal,random_forest,0.8583333333333334,0.9166666666666666,0.8833333333333334,0.9391555204055204,0.9166666666666666,0.9166666666666666
1,3,multimodal,random_forest,0.7166666666666667,0.8333333333333334,0.8500000000000001,0.9403078403078403,0.8333333333333334,0.8333333333333334
1,4,multimodal,random_forest,0.6666666666666666,0.8461538461538461,0.8939393939393939,0.9461760461760463,0.7333333333333333,1.0
1,0,multimodal,gradient_boosting,0.675,0.782608695652174,0.7333333333333333,0.8574778843161196,0.8181818181818182,0.75
1,1,multimodal,gradient_boosting,0.7166666666666667,0.8333333333333334,0.7833333333333333,0.9093524531024532,0.8333333333333334,0.8333333333333334
1,2,multimodal,gradient_boosting,0.375,0.6923076923076923,0.5666666666666667,0.7794953344585698,0.6428571428571429,0.75
1,3,multimodal,gradient_boosting,0.5166666666666667,0.7692307692307693,0.5833333333333334,0.8083680820813174,0.7142857142857143,0.8333333333333334
1,4,multimodal,gradient_boosting,0.6212121212121212,0.8,0.696969696969697,0.7915486029122393,0.7142857142857143,0.9090909090909091
1,0,multimodal,svm_rbf,0.8166666666666667,0.8695652173913043,0.9166666666666666,0.9688131313131313,0.9090909090909091,0.8333333333333334
1,1,multimodal,svm_rbf,0.775,0.8181818181818182,0.9,0.9629370629370629,0.9,0.75
1,2,multimodal,svm_rbf,0.8166666666666667,0.8695652173913043,0.9666666666666668,0.9866452991452991,0.9090909090909091,0.8333333333333334
1,3,multimodal,svm_rbf,0.8166666666666667,0.8695652173913043,0.8833333333333334,0.9587703962703963,0.9090909090909091,0.8333333333333334
1,4,multimodal,svm_rbf,0.75,0.88,0.7727272727272727,0.8757020757020757,0.7857142857142857,1.0
1,0,multimodal,mlp_sklearn,0.7166666666666667,0.8333333333333334,0.75,0.8963233525733526,0.8333333333333334,0.8333333333333334
1,1,multimodal,mlp_sklearn,0.25,0.5217391304347826,0.35,0.7259470309102662,0.5454545454545454,0.5
1,2,multimodal,mlp_sklearn,0.5166666666666667,0.7692307692307693,0.8333333333333334,0.9430555555555556,0.7142857142857143,0.8333333333333334
1,3,multimodal,mlp_sklearn,0.7583333333333333,0.88,0.9,0.960479797979798,0.8461538461538461,0.9166666666666666
1,4,multimodal,mlp_sklearn,0.49242424242424243,0.72,0.696969696969697,0.8522047397047398,0.6428571428571429,0.8181818181818182
2,0,clinical_only,dummy_most_frequent,0.5,0.8275862068965517,0.5,0.7058823529411765,0.7058823529411765,1.0
2,1,clinical_only,dummy_most_frequent,0.5,0.8275862068965517,0.5,0.7058823529411765,0.7058823529411765,1.0
2,2,clinical_only,dummy_most_frequent,0.5,0.8275862068965517,0.5,0.7058823529411765,0.7058823529411765,1.0
2,3,clinical_only,dummy_most_frequent,0.5,0.8275862068965517,0.5,0.7058823529411765,0.7058823529411765,1.0
2,4,clinical_only,dummy_most_frequent,0.5,0.7857142857142857,0.5,0.6470588235294118,0.6470588235294118,1.0
2,0,clinical_only,dummy_stratified,0.5333333333333333,0.6956521739130435,0.5333333333333333,0.7201426024955437,0.7272727272727273,0.6666666666666666
2,1,clinical_only,dummy_stratified,0.675,0.782608695652174,0.675,0.7901069518716578,0.8181818181818182,0.75
2,2,clinical_only,dummy_stratified,0.25,0.5217391304347826,0.25,0.625668449197861,0.5454545454545454,0.5
2,3,clinical_only,dummy_stratified,0.5333333333333333,0.6956521739130435,0.5333333333333333,0.7201426024955437,0.7272727272727273,0.6666666666666666
2,4,clinical_only,dummy_stratified,0.356060606060606,0.5454545454545454,0.356060606060606,0.5916383082158483,0.5454545454545454,0.5454545454545454
2,0,clinical_only,logistic_regression,0.675,0.782608695652174,0.7999999999999999,0.9230098605098606,0.8181818181818182,0.75
2,1,clinical_only,logistic_regression,0.775,0.8181818181818182,0.9333333333333333,0.9707362082362082,0.9,0.75
2,2,clinical_only,logistic_regression,0.775,0.8181818181818182,0.8666666666666667,0.950437062937063,0.9,0.75
2,3,clinical_only,logistic_regression,0.6166666666666667,0.8,0.5833333333333333,0.7891297972180326,0.7692307692307693,0.8333333333333334
2,4,clinical_only,logistic_regression,0.696969696969697,0.7619047619047619,0.8181818181818181,0.92420814479638,0.8,0.7272727272727273
2,0,clinical_only,random_forest,0.6583333333333333,0.8461538461538461,0.7833333333333333,0.9062872312872313,0.7857142857142857,0.9166666666666666
2,1,clinical_only,random_forest,0.775,0.8181818181818182,0.8333333333333334,0.9286146723646724,0.9,0.75
2,2,clinical_only,random_forest,0.8,0.9230769230769231,0.9666666666666668,0.9866452991452991,0.8571428571428571,1.0
2,3,clinical_only,random_forest,0.5583333333333333,0.8148148148148148,0.55,0.7701261701261701,0.7333333333333333,0.9166666666666666
2,4,clinical_only,random_forest,0.7878787878787878,0.8695652173913043,0.9545454545454546,0.9777495232040686,0.8333333333333334,0.9090909090909091
2,0,clinical_only,gradient_boosting,0.6166666666666667,0.8,0.7,0.8379569504569505,0.7692307692307693,0.8333333333333334
2,1,clinical_only,gradient_boosting,0.6333333333333333,0.7272727272727273,0.6833333333333333,0.8530185092685093,0.8,0.6666666666666666
2,2,clinical_only,gradient_boosting,0.7166666666666667,0.8333333333333334,0.8333333333333333,0.9364357864357865,0.8333333333333334,0.8333333333333334
2,3,clinical_only,gradient_boosting,0.5583333333333333,0.8148148148148148,0.6666666666666666,0.7693824693824693,0.7333333333333333,0.9166666666666666
2,4,clinical_only,gradient_boosting,0.8333333333333333,0.9166666666666666,0.8787878787878789,0.9328688987779897,0.8461538461538461,1.0
2,0,clinical_only,svm_rbf,0.675,0.782608695652174,0.7833333333333333,0.9114179801679801,0.8181818181818182,0.75
2,1,clinical_only,svm_rbf,0.8333333333333333,0.8,0.9,0.9593656343656344,1.0,0.6666666666666666
2,2,clinical_only,svm_rbf,0.9,0.96,0.8500000000000001,0.9085999648499649,0.9230769230769231,1.0
2,3,clinical_only,svm_rbf,0.6583333333333333,0.8461538461538461,0.6166666666666666,0.7913299663299663,0.7857142857142857,0.9166666666666666
2,4,clinical_only,svm_rbf,0.7424242424242424,0.8181818181818182,0.9090909090909092,0.9516705516705517,0.8181818181818182,0.8181818181818182
2,0,clinical_only,mlp_sklearn,0.4583333333333333,0.7857142857142857,0.75,0.8970119613501967,0.6875,0.9166666666666666
2,1,clinical_only,mlp_sklearn,0.5583333333333333,0.8148148148148148,0.6833333333333333,0.8665436415436416,0.7333333333333333,0.9166666666666666
2,2,clinical_only,mlp_sklearn,0.5166666666666667,0.7692307692307693,0.7666666666666667,0.9155423280423282,0.7142857142857143,0.8333333333333334
2,3,clinical_only,mlp_sklearn,0.5583333333333333,0.8148148148148148,0.5833333333333333,0.7823116153998507,0.7333333333333333,0.9166666666666666
2,4,clinical_only,mlp_sklearn,0.4015151515151515,0.6086956521739131,0.5,0.6654169360051713,0.5833333333333334,0.6363636363636364
2,0,video_only,dummy_most_frequent,0.5,0.8275862068965517,0.5,0.7058823529411765,0.7058823529411765,1.0
2,1,video_only,dummy_most_frequent,0.5,0.8275862068965517,0.5,0.7058823529411765,0.7058823529411765,1.0
2,2,video_only,dummy_most_frequent,0.5,0.8275862068965517,0.5,0.7058823529411765,0.7058823529411765,1.0
2,3,video_only,dummy_most_frequent,0.5,0.8275862068965517,0.5,0.7058823529411765,0.7058823529411765,1.0
2,4,video_only,dummy_most_frequent,0.5,0.7857142857142857,0.5,0.6470588235294118,0.6470588235294118,1.0
2,0,video_only,dummy_stratified,0.5333333333333333,0.6956521739130435,0.5333333333333333,0.7201426024955437,0.7272727272727273,0.6666666666666666
2,1,video_only,dummy_stratified,0.675,0.782608695652174,0.675,0.7901069518716578,0.8181818181818182,0.75
2,2,video_only,dummy_stratified,0.25,0.5217391304347826,0.25,0.625668449197861,0.5454545454545454,0.5
2,3,video_only,dummy_stratified,0.5333333333333333,0.6956521739130435,0.5333333333333333,0.7201426024955437,0.7272727272727273,0.6666666666666666
2,4,video_only,dummy_stratified,0.356060606060606,0.5454545454545454,0.356060606060606,0.5916383082158483,0.5454545454545454,0.5454545454545454
2,0,video_only,logistic_regression,0.6166666666666667,0.8,0.8333333333333333,0.9420787545787547,0.7692307692307693,0.8333333333333334
2,1,video_only,logistic_regression,0.6916666666666667,0.7,0.7166666666666667,0.8864027176527177,0.875,0.5833333333333334
2,2,video_only,logistic_regression,0.7333333333333334,0.7619047619047619,0.9,0.9510602823102824,0.8888888888888888,0.6666666666666666
2,3,video_only,logistic_regression,0.6333333333333333,0.7272727272727273,0.7666666666666666,0.900688431938432,0.8,0.6666666666666666
2,4,video_only,logistic_regression,0.9090909090909092,0.9,0.9696969696969697,0.9860139860139859,1.0,0.8181818181818182
2,0,video_only,random_forest,0.5166666666666667,0.7692307692307693,0.7666666666666666,0.9168803418803418,0.7142857142857143,0.8333333333333334
2,1,video_only,random_forest,0.6916666666666667,0.7,0.6333333333333333,0.8366973304473305,0.875,0.5833333333333334
2,2,video_only,random_forest,0.575,0.75,0.7833333333333333,0.9114179801679801,0.75,0.75
2,3,video_only,random_forest,0.775,0.8181818181818182,0.7833333333333333,0.9157349050731404,0.9,0.75
2,4,video_only,random_forest,0.9166666666666667,0.9565217391304348,0.9545454545454546,0.975068870523416,0.9166666666666666,1.0
2,0,video_only,gradient_boosting,0.5583333333333333,0.8148148148148148,0.65,0.8692994505494506,0.7333333333333333,0.9166666666666666
2,1,video_only,gradient_boosting,0.45,0.5714285714285714,0.6,0.8058594183594184,0.6666666666666666,0.5
2,2,video_only,gradient_boosting,0.575,0.75,0.7,0.8664744977244977,0.75,0.75
2,3,video_only,gradient_boosting,0.6166666666666667,0.8,0.7666666666666666,0.900688431938432,0.7692307692307693,0.8333333333333334
2,4,video_only,gradient_boosting,0.5378787878787878,0.7692307692307693,0.9242424242424242,0.9715909090909091,0.6666666666666666,0.9090909090909091
2,0,video_only,svm_rbf,0.6166666666666667,0.8,0.8666666666666667,0.9569444444444445,0.7692307692307693,0.8333333333333334
2,1,video_only,svm_rbf,0.6916666666666667,0.7,0.7166666666666667,0.8976402682285035,0.875,0.5833333333333334
2,2,video_only,svm_rbf,0.7333333333333334,0.7619047619047619,0.7833333333333333,0.8977843915343916,0.8888888888888888,0.6666666666666666
2,3,video_only,svm_rbf,0.65,0.631578947368421,0.7666666666666666,0.8924425111925113,0.8571428571428571,0.5
2,4,video_only,svm_rbf,0.9090909090909092,0.9,0.9848484848484849,0.9924242424242425,1.0,0.8181818181818182
2,0,video_only,mlp_sklearn,0.6166666666666667,0.8,0.9,0.9654761904761905,0.7692307692307693,0.8333333333333334
2,1,video_only,mlp_sklearn,0.6333333333333333,0.7272727272727273,0.8333333333333334,0.9322131572131572,0.8,0.6666666666666666
2,2,video_only,mlp_sklearn,0.7333333333333334,0.7619047619047619,0.7333333333333334,0.8752226395608749,0.8888888888888888,0.6666666666666666
2,3,video_only,mlp_sklearn,0.5083333333333333,0.5263157894736842,0.6000000000000001,0.8408238207870562,0.7142857142857143,0.4166666666666667
2,4,video_only,mlp_sklearn,0.5757575757575758,0.75,0.8636363636363636,0.9406926406926407,0.6923076923076923,0.8181818181818182
2,0,multimodal,dummy_most_frequent,0.5,0.8275862068965517,0.5,0.7058823529411765,0.7058823529411765,1.0
2,1,multimodal,dummy_most_frequent,0.5,0.8275862068965517,0.5,0.7058823529411765,0.7058823529411765,1.0
2,2,multimodal,dummy_most_frequent,0.5,0.8275862068965517,0.5,0.7058823529411765,0.7058823529411765,1.0
2,3,multimodal,dummy_most_frequent,0.5,0.8275862068965517,0.5,0.7058823529411765,0.7058823529411765,1.0
2,4,multimodal,dummy_most_frequent,0.5,0.7857142857142857,0.5,0.6470588235294118,0.6470588235294118,1.0
2,0,multimodal,dummy_stratified,0.5333333333333333,0.6956521739130435,0.5333333333333333,0.7201426024955437,0.7272727272727273,0.6666666666666666
2,1,multimodal,dummy_stratified,0.675,0.782608695652174,0.675,0.7901069518716578,0.8181818181818182,0.75
2,2,multimodal,dummy_stratified,0.25,0.5217391304347826,0.25,0.625668449197861,0.5454545454545454,0.5
2,3,multimodal,dummy_stratified,0.5333333333333333,0.6956521739130435,0.5333333333333333,0.7201426024955437,0.7272727272727273,0.6666666666666666
2,4,multimodal,dummy_stratified,0.356060606060606,0.5454545454545454,0.356060606060606,0.5916383082158483,0.5454545454545454,0.5454545454545454
2,0,multimodal,logistic_regression,0.6166666666666667,0.8,0.8666666666666667,0.9576330532212886,0.7692307692307693,0.8333333333333334
2,1,multimodal,logistic_regression,0.7333333333333334,0.7619047619047619,0.8833333333333333,0.9455657768157768,0.8888888888888888,0.6666666666666666
2,2,multimodal,logistic_regression,0.775,0.8181818181818182,0.8833333333333333,0.9546037296037296,0.9,0.75
2,3,multimodal,logistic_regression,0.6166666666666667,0.8,0.65,0.8522250353132707,0.7692307692307693,0.8333333333333334
2,4,multimodal,logistic_regression,0.9545454545454546,0.9523809523809523,0.9090909090909091,0.9679144385026738,1.0,0.9090909090909091
2,0,multimodal,random_forest,0.5583333333333333,0.8148148148148148,0.7,0.8754722129722131,0.7333333333333333,0.9166666666666666
2,1,multimodal,random_forest,0.7333333333333334,0.7619047619047619,0.8166666666666667,0.9091341528841529,0.8888888888888888,0.6666666666666666
2,2,multimodal,random_forest,0.7583333333333333,0.88,0.9666666666666667,0.988095238095238,0.8461538461538461,0.9166666666666666
2,3,multimodal,random_forest,0.6166666666666667,0.8,0.8,0.918236161986162,0.7692307692307693,0.8333333333333334
2,4,multimodal,random_forest,0.9545454545454546,0.9523809523809523,0.9848484848484849,0.9924242424242425,1.0,0.9090909090909091
2,0,multimodal,gradient_boosting,0.5583333333333333,0.8148148148148148,0.6666666666666667,0.8559015059015059,0.7333333333333333,0.9166666666666666
2,1,multimodal,gradient_boosting,0.8166666666666667,0.8695652173913043,0.7666666666666666,0.8438563751063751,0.9090909090909091,0.8333333333333334
2,2,multimodal,gradient_boosting,0.7166666666666667,0.8333333333333334,0.8166666666666667,0.9271765271765272,0.8333333333333334,0.8333333333333334
2,3,multimodal,gradient_boosting,0.6,0.8571428571428571,0.7,0.8604259166759167,0.75,1.0
2,4,multimodal,gradient_boosting,0.7878787878787878,0.8695652173913043,0.8939393939393939,0.9542355371900827,0.8333333333333334,0.9090909090909091
2,0,multimodal,svm_rbf,0.7583333333333333,0.88,0.9166666666666666,0.9705128205128205,0.8461538461538461,0.9166666666666666
2,1,multimodal,svm_rbf,0.6916666666666667,0.7,0.8500000000000001,0.9403078403078403,0.875,0.5833333333333334
2,2,multimodal,svm_rbf,0.9,0.96,0.9333333333333333,0.9707362082362082,0.9230769230769231,1.0
2,3,multimodal,svm_rbf,0.675,0.782608695652174,0.7666666666666666,0.8852554852554851,0.8181818181818182,0.75
2,4,multimodal,svm_rbf,0.9545454545454546,0.9523809523809523,0.9696969696969697,0.9860139860139859,1.0,0.9090909090909091
2,0,multimodal,mlp_sklearn,0.3916666666666667,0.6086956521739131,0.4833333333333333,0.7650773450405803,0.6363636363636364,0.5833333333333334
2,1,multimodal,mlp_sklearn,0.675,0.782608695652174,0.75,0.9143069348951701,0.8181818181818182,0.75
2,2,multimodal,mlp_sklearn,0.3666666666666667,0.42105263157894735,0.36666666666666664,0.7082862194994548,0.5714285714285714,0.3333333333333333
2,3,multimodal,mlp_sklearn,0.575,0.75,0.65,0.8675311412443766,0.75,0.75
2,4,multimodal,mlp_sklearn,0.5606060606060606,0.5555555555555556,0.4999999999999999,0.744480296886714,0.7142857142857143,0.45454545454545453
3,0,clinical_only,dummy_most_frequent,0.5,0.8275862068965517,0.5,0.7058823529411765,0.7058823529411765,1.0
3,1,clinical_only,dummy_most_frequent,0.5,0.8275862068965517,0.5,0.7058823529411765,0.7058823529411765,1.0
3,2,clinical_only,dummy_most_frequent,0.5,0.8275862068965517,0.5,0.7058823529411765,0.7058823529411765,1.0
3,3,clinical_only,dummy_most_frequent,0.5,0.8275862068965517,0.5,0.7058823529411765,0.7058823529411765,1.0
3,4,clinical_only,dummy_most_frequent,0.5,0.7857142857142857,0.5,0.6470588235294118,0.6470588235294118,1.0
3,0,clinical_only,dummy_stratified,0.5333333333333333,0.6956521739130435,0.5333333333333333,0.7201426024955437,0.7272727272727273,0.6666666666666666
3,1,clinical_only,dummy_stratified,0.5333333333333333,0.6956521739130435,0.5333333333333333,0.7201426024955437,0.7272727272727273,0.6666666666666666
3,2,clinical_only,dummy_stratified,0.5333333333333333,0.6956521739130435,0.5333333333333333,0.7201426024955437,0.7272727272727273,0.6666666666666666
3,3,clinical_only,dummy_stratified,0.5333333333333333,0.6956521739130435,0.5333333333333333,0.7201426024955437,0.7272727272727273,0.6666666666666666
3,4,clinical_only,dummy_stratified,0.356060606060606,0.5454545454545454,0.356060606060606,0.5916383082158483,0.5454545454545454,0.5454545454545454
3,0,clinical_only,logistic_regression,0.575,0.75,0.8166666666666667,0.9337454212454213,0.75,0.75
3,1,clinical_only,logistic_regression,0.6166666666666667,0.8,0.5166666666666667,0.7363099318981672,0.7692307692307693,0.8333333333333334
3,2,clinical_only,logistic_regression,0.675,0.782608695652174,0.7999999999999999,0.9207715351097704,0.8181818181818182,0.75
3,3,clinical_only,logistic_regression,0.65,0.631578947368421,0.6333333333333334,0.8656229799612153,0.8571428571428571,0.5
3,4,clinical_only,logistic_regression,0.6590909090909092,0.782608695652174,0.696969696969697,0.8217893217893218,0.75,0.8181818181818182
3,0,clinical_only,random_forest,0.9166666666666667,0.9090909090909091,0.9333333333333333,0.9763888888888889,1.0,0.8333333333333334
3,1,clinical_only,random_forest,0.6166666666666667,0.8,0.6166666666666666,0.7860602360602361,0.7692307692307693,0.8333333333333334
3,2,clinical_only,random_forest,0.7,0.8888888888888888,0.75,0.8854538979538981,0.8,1.0
3,3,clinical_only,random_forest,0.7166666666666667,0.8333333333333334,0.7833333333333333,0.893357337107337,0.8333333333333334,0.8333333333333334
3,4,clinical_only,random_forest,0.6666666666666666,0.8461538461538461,0.9696969696969697,0.9841597796143252,0.7333333333333333,1.0
3,0,clinical_only,gradient_boosting,0.8166666666666667,0.8695652173913043,0.9333333333333333,0.9752747252747253,0.9090909090909091,0.8333333333333334
3,1,clinical_only,gradient_boosting,0.5166666666666667,0.7692307692307693,0.4333333333333333,0.7117945167577521,0.7142857142857143,0.8333333333333334
3,2,clinical_only,gradient_boosting,0.6166666666666667,0.8,0.6,0.809430846930847,0.7692307692307693,0.8333333333333334
3,3,clinical_only,gradient_boosting,0.6166666666666667,0.8,0.75,0.892105810855811,0.7692307692307693,0.8333333333333334
3,4,clinical_only,gradient_boosting,0.5757575757575758,0.75,0.7121212121212122,0.8441820805457169,0.6923076923076923,0.8181818181818182
3,0,clinical_only,svm_rbf,0.9166666666666667,0.9090909090909091,0.9,0.9663461538461539,1.0,0.8333333333333334
3,1,clinical_only,svm_rbf,0.6583333333333333,0.8461538461538461,0.48333333333333334,0.6677641802641803,0.7857142857142857,0.9166666666666666
3,2,clinical_only,svm_rbf,0.9166666666666667,0.9090909090909091,0.9666666666666667,0.988095238095238,1.0,0.8333333333333334
3,3,clinical_only,svm_rbf,0.675,0.782608695652174,0.8666666666666667,0.9437932437932438,0.8181818181818182,0.75
3,4,clinical_only,svm_rbf,0.5757575757575758,0.75,0.6666666666666667,0.7980282343918709,0.6923076923076923,0.8181818181818182
3,0,clinical_only,mlp_sklearn,0.5166666666666667,0.7692307692307693,0.8333333333333334,0.9456922162804516,0.7142857142857143,0.8333333333333334
3,1,clinical_only,mlp_sklearn,0.4583333333333333,0.7857142857142857,0.5666666666666667,0.8441815741448094,0.6875,0.9166666666666666
3,2,clinical_only,mlp_sklearn,0.5583333333333333,0.8148148148148148,0.7666666666666667,0.9133029008029009,0.7333333333333333,0.9166666666666666
3,3,clinical_only,mlp_sklearn,0.43333333333333335,0.6666666666666666,0.49999999999999994,0.7869929294561647,0.6666666666666666,0.6666666666666666
3,4,clinical_only,mlp_sklearn,0.4090909090909091,0.6923076923076923,0.6363636363636364,0.8215940921823275,0.6,0.8181818181818182
3,0,video_only,dummy_most_frequent,0.5,0.8275862068965517,0.5,0.7058823529411765,0.7058823529411765,1.0
3,1,video_only,dummy_most_frequent,0.5,0.8275862068965517,0.5,0.7058823529411765,0.7058823529411765,1.0
3,2,video_only,dummy_most_frequent,0.5,0.8275862068965517,0.5,0.7058823529411765,0.7058823529411765,1.0
3,3,video_only,dummy_most_frequent,0.5,0.8275862068965517,0.5,0.7058823529411765,0.7058823529411765,1.0
3,4,video_only,dummy_most_frequent,0.5,0.7857142857142857,0.5,0.6470588235294118,0.6470588235294118,1.0
3,0,video_only,dummy_stratified,0.5333333333333333,0.6956521739130435,0.5333333333333333,0.7201426024955437,0.7272727272727273,0.6666666666666666
3,1,video_only,dummy_stratified,0.5333333333333333,0.6956521739130435,0.5333333333333333,0.7201426024955437,0.7272727272727273,0.6666666666666666
3,2,video_only,dummy_stratified,0.5333333333333333,0.6956521739130435,0.5333333333333333,0.7201426024955437,0.7272727272727273,0.6666666666666666
3,3,video_only,dummy_stratified,0.5333333333333333,0.6956521739130435,0.5333333333333333,0.7201426024955437,0.7272727272727273,0.6666666666666666
3,4,video_only,dummy_stratified,0.356060606060606,0.5454545454545454,0.356060606060606,0.5916383082158483,0.5454545454545454,0.5454545454545454
3,0,video_only,logistic_regression,0.875,0.8571428571428571,0.9666666666666667,0.988095238095238,1.0,0.75
3,1,video_only,logistic_regression,0.8333333333333333,0.8,0.9666666666666667,0.988095238095238,1.0,0.6666666666666666
3,2,video_only,logistic_regression,0.6916666666666667,0.7,0.65,0.8427579365079365,0.875,0.5833333333333334
3,3,video_only,logistic_regression,0.8166666666666667,0.8695652173913043,0.9333333333333333,0.9752747252747253,0.9090909090909091,0.8333333333333334
3,4,video_only,logistic_regression,0.7878787878787878,0.8695652173913043,0.8181818181818181,0.9180521795495059,0.8333333333333334,0.9090909090909091
3,0,video_only,random_forest,0.875,0.8571428571428571,0.9166666666666666,0.9754901960784313,1.0,0.75
3,1,video_only,random_forest,0.775,0.8181818181818182,0.9,0.9629370629370629,0.9,0.75
3,2,video_only,random_forest,0.5916666666666667,0.6666666666666666,0.5833333333333334,0.7988335738335738,0.7777777777777778,0.5833333333333334
3,3,video_only,random_forest,0.675,0.782608695652174,0.8166666666666667,0.9337454212454213,0.8181818181818182,0.75
3,4,video_only,random_forest,0.6212121212121212,0.8,0.8181818181818181,0.92420814479638,0.7142857142857143,0.9090909090909091
3,0,video_only,gradient_boosting,0.675,0.782608695652174,0.8166666666666667,0.9377136752136753,0.8181818181818182,0.75
3,1,video_only,gradient_boosting,0.775,0.8181818181818182,0.8500000000000001,0.9493686868686868,0.9,0.75
3,2,video_only,gradient_boosting,0.5916666666666667,0.6666666666666666,0.5166666666666666,0.7387769637769638,0.7777777777777778,0.5833333333333334
3,3,video_only,gradient_boosting,0.5166666666666667,0.7692307692307693,0.7333333333333333,0.9074938949938949,0.7142857142857143,0.8333333333333334
3,4,video_only,gradient_boosting,0.49242424242424243,0.72,0.6212121212121212,0.7911008480527199,0.6428571428571429,0.8181818181818182
3,0,video_only,svm_rbf,0.875,0.8571428571428571,1.0,0.9999999999999999,1.0,0.75
3,1,video_only,svm_rbf,0.8333333333333333,0.8,0.95,0.9811507936507936,1.0,0.6666666666666666
3,2,video_only,svm_rbf,0.65,0.631578947368421,0.6666666666666667,0.867252886002886,0.8571428571428571,0.5
3,3,video_only,svm_rbf,0.775,0.8181818181818182,0.8666666666666666,0.955093925682161,0.9,0.75
3,4,video_only,svm_rbf,0.7878787878787878,0.8695652173913043,0.7727272727272727,0.8848631463604727,0.8333333333333334,0.9090909090909091
3,0,video_only,mlp_sklearn,0.9166666666666667,0.9090909090909091,0.8833333333333333,0.9626696832579186,1.0,0.8333333333333334
3,1,video_only,mlp_sklearn,0.6083333333333334,0.5555555555555556,0.5,0.8101711401343755,0.8333333333333334,0.4166666666666667
3,2,video_only,mlp_sklearn,0.7333333333333334,0.7619047619047619,0.6833333333333333,0.8789068026200378,0.8888888888888888,0.6666666666666666
3,3,video_only,mlp_sklearn,0.675,0.782608695652174,0.8666666666666667,0.952457264957265,0.8181818181818182,0.75
3,4,video_only,mlp_sklearn,0.49242424242424243,0.72,0.696969696969697,0.8243718699601054,0.6428571428571429,0.8181818181818182
3,0,multimodal,dummy_most_frequent,0.5,0.8275862068965517,0.5,0.7058823529411765,0.7058823529411765,1.0
3,1,multimodal,dummy_most_frequent,0.5,0.8275862068965517,0.5,0.7058823529411765,0.7058823529411765,1.0
3,2,multimodal,dummy_most_frequent,0.5,0.8275862068965517,0.5,0.7058823529411765,0.7058823529411765,1.0
3,3,multimodal,dummy_most_frequent,0.5,0.8275862068965517,0.5,0.7058823529411765,0.7058823529411765,1.0
3,4,multimodal,dummy_most_frequent,0.5,0.7857142857142857,0.5,0.6470588235294118,0.6470588235294118,1.0
3,0,multimodal,dummy_stratified,0.5333333333333333,0.6956521739130435,0.5333333333333333,0.7201426024955437,0.7272727272727273,0.6666666666666666
3,1,multimodal,dummy_stratified,0.5333333333333333,0.6956521739130435,0.5333333333333333,0.7201426024955437,0.7272727272727273,0.6666666666666666
3,2,multimodal,dummy_stratified,0.5333333333333333,0.6956521739130435,0.5333333333333333,0.7201426024955437,0.7272727272727273,0.6666666666666666
3,3,multimodal,dummy_stratified,0.5333333333333333,0.6956521739130435,0.5333333333333333,0.7201426024955437,0.7272727272727273,0.6666666666666666
3,4,multimodal,dummy_stratified,0.356060606060606,0.5454545454545454,0.356060606060606,0.5916383082158483,0.5454545454545454,0.5454545454545454
3,0,multimodal,logistic_regression,0.9166666666666667,0.9090909090909091,0.9666666666666667,0.988095238095238,1.0,0.8333333333333334
3,1,multimodal,logistic_regression,0.6166666666666667,0.8,0.6333333333333333,0.8338628419510773,0.7692307692307693,0.8333333333333334
3,2,multimodal,logistic_regression,0.675,0.782608695652174,0.7666666666666666,0.9051857864357865,0.8181818181818182,0.75
3,3,multimodal,logistic_regression,0.8166666666666667,0.8695652173913043,0.8166666666666668,0.9418727718360071,0.9090909090909091,0.8333333333333334
3,4,multimodal,logistic_regression,0.6212121212121212,0.8,0.8030303030303031,0.9066885431858694,0.7142857142857143,0.9090909090909091
3,0,multimodal,random_forest,0.9166666666666667,0.9090909090909091,1.0,0.9999999999999999,1.0,0.8333333333333334
3,1,multimodal,random_forest,0.6583333333333333,0.8461538461538461,0.7666666666666666,0.9065459458841812,0.7857142857142857,0.9166666666666666
3,2,multimodal,random_forest,0.8166666666666667,0.8695652173913043,0.8166666666666667,0.897229390979391,0.9090909090909091,0.8333333333333334
3,3,multimodal,random_forest,0.7166666666666667,0.8333333333333334,0.8666666666666667,0.9462343212343213,0.8333333333333334,0.8333333333333334
3,4,multimodal,random_forest,0.6212121212121212,0.8,0.9090909090909091,0.9633264462809917,0.7142857142857143,0.9090909090909091
3,0,multimodal,gradient_boosting,0.8583333333333334,0.9166666666666666,0.9333333333333333,0.9763888888888889,0.9166666666666666,0.9166666666666666
3,1,multimodal,gradient_boosting,0.5166666666666667,0.7692307692307693,0.5333333333333333,0.7934031858664211,0.7142857142857143,0.8333333333333334
3,2,multimodal,gradient_boosting,0.8166666666666667,0.8695652173913043,0.75,0.8038991101491101,0.9090909090909091,0.8333333333333334
3,3,multimodal,gradient_boosting,0.675,0.782608695652174,0.7166666666666666,0.8787579930962284,0.8181818181818182,0.75
3,4,multimodal,gradient_boosting,0.6590909090909092,0.782608695652174,0.7727272727272727,0.8853521478521479,0.75,0.8181818181818182
3,0,multimodal,svm_rbf,0.9166666666666667,0.9090909090909091,1.0,0.9999999999999999,1.0,0.8333333333333334
3,1,multimodal,svm_rbf,0.6583333333333333,0.8461538461538461,0.8166666666666667,0.9248057498057499,0.7857142857142857,0.9166666666666666
3,2,multimodal,svm_rbf,0.6916666666666667,0.7,0.8333333333333334,0.9286146723646724,0.875,0.5833333333333334
3,3,multimodal,svm_rbf,0.8166666666666667,0.8695652173913043,0.9333333333333333,0.9707362082362082,0.9090909090909091,0.8333333333333334
3,4,multimodal,svm_rbf,0.7045454545454546,0.8333333333333334,0.7727272727272727,0.8763989798080708,0.7692307692307693,0.9090909090909091
3,0,multimodal,mlp_sklearn,0.575,0.75,0.6833333333333333,0.8708934583934584,0.75,0.75
3,1,multimodal,mlp_sklearn,0.5083333333333333,0.5263157894736842,0.4333333333333333,0.7417187591819945,0.7142857142857143,0.4166666666666667
3,2,multimodal,mlp_sklearn,0.7583333333333333,0.88,0.8333333333333334,0.9348646723646724,0.8461538461538461,0.9166666666666666
3,3,multimodal,mlp_sklearn,0.7166666666666667,0.8333333333333334,0.75,0.8994650638032992,0.8333333333333334,0.8333333333333334
3,4,multimodal,mlp_sklearn,0.3484848484848485,0.42105263157894735,0.3484848484848485,0.6594701050583404,0.5,0.36363636363636365
4,0,clinical_only,dummy_most_frequent,0.5,0.8275862068965517,0.5,0.7058823529411765,0.7058823529411765,1.0
4,1,clinical_only,dummy_most_frequent,0.5,0.8275862068965517,0.5,0.7058823529411765,0.7058823529411765,1.0
4,2,clinical_only,dummy_most_frequent,0.5,0.8275862068965517,0.5,0.7058823529411765,0.7058823529411765,1.0
4,3,clinical_only,dummy_most_frequent,0.5,0.8275862068965517,0.5,0.7058823529411765,0.7058823529411765,1.0
4,4,clinical_only,dummy_most_frequent,0.5,0.7857142857142857,0.5,0.6470588235294118,0.6470588235294118,1.0
4,0,clinical_only,dummy_stratified,0.3916666666666667,0.6086956521739131,0.3916666666666667,0.6653297682709447,0.6363636363636364,0.5833333333333334
4,1,clinical_only,dummy_stratified,0.3916666666666667,0.6086956521739131,0.3916666666666667,0.6653297682709447,0.6363636363636364,0.5833333333333334
4,2,clinical_only,dummy_stratified,0.25,0.5217391304347826,0.25,0.625668449197861,0.5454545454545454,0.5
4,3,clinical_only,dummy_stratified,0.3916666666666667,0.6086956521739131,0.3916666666666667,0.6653297682709447,0.6363636363636364,0.5833333333333334
4,4,clinical_only,dummy_stratified,0.48484848484848486,0.6363636363636364,0.48484848484848486,0.6402527953330093,0.6363636363636364,0.6363636363636364
4,0,clinical_only,logistic_regression,0.575,0.75,0.6333333333333333,0.8314093314093315,0.75,0.75
4,1,clinical_only,logistic_regression,0.775,0.8181818181818182,0.8333333333333333,0.9404474610356964,0.9,0.75
4,2,clinical_only,logistic_regression,0.7583333333333333,0.88,0.7333333333333333,0.871493035831271,0.8461538461538461,0.9166666666666666
4,3,clinical_only,logistic_regression,0.8166666666666667,0.8695652173913043,0.8166666666666667,0.9179864117364117,0.9090909090909091,0.8333333333333334
4,4,clinical_only,logistic_regression,0.696969696969697,0.7619047619047619,0.6818181818181818,0.7861586645677555,0.8,0.7272727272727273
4,0,clinical_only,random_forest,0.575,0.75,0.6333333333333333,0.81909011467835,0.75,0.75
4,1,clinical_only,random_forest,0.775,0.8181818181818182,0.9500000000000001,0.9790695415695415,0.9,0.75
4,2,clinical_only,random_forest,0.7,0.8888888888888888,0.85,0.919772126022126,0.8,1.0
4,3,clinical_only,random_forest,0.8166666666666667,0.8695652173913043,0.9,0.9510602823102824,0.9090909090909091,0.8333333333333334
4,4,clinical_only,random_forest,0.5833333333333334,0.8148148148148148,0.7727272727272727,0.8908992522628886,0.6875,1.0
4,0,clinical_only,gradient_boosting,0.6333333333333333,0.7272727272727273,0.6666666666666666,0.8125034143416496,0.8,0.6666666666666666
4,1,clinical_only,gradient_boosting,0.7166666666666667,0.8333333333333334,0.85,0.9414724164724165,0.8333333333333334,0.8333333333333334
4,2,clinical_only,gradient_boosting,0.6166666666666667,0.8,0.8333333333333334,0.9298911736411737,0.7692307692307693,0.8333333333333334
4,3,clinical_only,gradient_boosting,0.6333333333333333,0.7272727272727273,0.7833333333333333,0.9024843212343213,0.8,0.6666666666666666
4,4,clinical_only,gradient_boosting,0.6590909090909092,0.782608695652174,0.7272727272727273,0.8491770855407219,0.75,0.8181818181818182
4,0,clinical_only,svm_rbf,0.6166666666666667,0.8,0.6,0.7909123284123284,0.7692307692307693,0.8333333333333334
4,1,clinical_only,svm_rbf,0.775,0.8181818181818182,0.9,0.9559824434824434,0.9,0.75
4,2,clinical_only,svm_rbf,0.8,0.9230769230769231,0.9,0.9510602823102824,0.8571428571428571,1.0
4,3,clinical_only,svm_rbf,0.775,0.8181818181818182,0.8333333333333334,0.8877666315166316,0.9,0.75
4,4,clinical_only,svm_rbf,0.7045454545454546,0.8333333333333334,0.9090909090909091,0.9606060606060607,0.7692307692307693,0.9090909090909091
4,0,clinical_only,mlp_sklearn,0.475,0.72,0.55,0.8043427093059446,0.6923076923076923,0.75
4,1,clinical_only,mlp_sklearn,0.5583333333333333,0.8148148148148148,0.6333333333333333,0.7644663207163207,0.7333333333333333,0.9166666666666666
4,2,clinical_only,mlp_sklearn,0.5583333333333333,0.8148148148148148,0.8333333333333333,0.9417239623121977,0.7333333333333333,0.9166666666666666
4,3,clinical_only,mlp_sklearn,0.475,0.72,0.6,0.809015059015059,0.6923076923076923,0.75
4,4,clinical_only,mlp_sklearn,0.4090909090909091,0.6923076923076923,0.7121212121212122,0.8713998419880773,0.6,0.8181818181818182
4,0,video_only,dummy_most_frequent,0.5,0.8275862068965517,0.5,0.7058823529411765,0.7058823529411765,1.0
4,1,video_only,dummy_most_frequent,0.5,0.8275862068965517,0.5,0.7058823529411765,0.7058823529411765,1.0
4,2,video_only,dummy_most_frequent,0.5,0.8275862068965517,0.5,0.7058823529411765,0.7058823529411765,1.0
4,3,video_only,dummy_most_frequent,0.5,0.8275862068965517,0.5,0.7058823529411765,0.7058823529411765,1.0
4,4,video_only,dummy_most_frequent,0.5,0.7857142857142857,0.5,0.6470588235294118,0.6470588235294118,1.0
4,0,video_only,dummy_stratified,0.3916666666666667,0.6086956521739131,0.3916666666666667,0.6653297682709447,0.6363636363636364,0.5833333333333334
4,1,video_only,dummy_stratified,0.3916666666666667,0.6086956521739131,0.3916666666666667,0.6653297682709447,0.6363636363636364,0.5833333333333334
4,2,video_only,dummy_stratified,0.25,0.5217391304347826,0.25,0.625668449197861,0.5454545454545454,0.5
4,3,video_only,dummy_stratified,0.3916666666666667,0.6086956521739131,0.3916666666666667,0.6653297682709447,0.6363636363636364,0.5833333333333334
4,4,video_only,dummy_stratified,0.48484848484848486,0.6363636363636364,0.48484848484848486,0.6402527953330093,0.6363636363636364,0.6363636363636364
4,0,video_only,logistic_regression,0.8333333333333333,0.8,0.95,0.9833333333333333,1.0,0.6666666666666666
4,1,video_only,logistic_regression,0.8333333333333333,0.8,0.8166666666666667,0.9354108309990663,1.0,0.6666666666666666
4,2,video_only,logistic_regression,0.775,0.8181818181818182,0.8500000000000001,0.9403078403078403,0.9,0.75
4,3,video_only,logistic_regression,0.7333333333333334,0.7619047619047619,0.7833333333333333,0.9176829570211923,0.8888888888888888,0.6666666666666666
4,4,video_only,logistic_regression,0.6590909090909092,0.782608695652174,0.803030303030303,0.9088744588744588,0.75,0.8181818181818182
4,0,video_only,random_forest,0.9166666666666667,0.9090909090909091,0.95,0.9833333333333333,1.0,0.8333333333333334
4,1,video_only,random_forest,0.7333333333333334,0.7619047619047619,0.8333333333333334,0.9322131572131572,0.8888888888888888,0.6666666666666666
4,2,video_only,random_forest,0.6166666666666667,0.8,0.8166666666666667,0.9324647030529384,0.7692307692307693,0.8333333333333334
4,3,video_only,random_forest,0.5916666666666667,0.6666666666666666,0.7666666666666667,0.9040105727605728,0.7777777777777778,0.5833333333333334
4,4,video_only,random_forest,0.5303030303030303,0.6956521739130435,0.7272727272727273,0.8638291001927365,0.6666666666666666,0.7272727272727273
4,0,video_only,gradient_boosting,0.6166666666666667,0.8,0.8333333333333334,0.9361411736411737,0.7692307692307693,0.8333333333333334
4,1,video_only,gradient_boosting,0.675,0.782608695652174,0.7333333333333334,0.8932208994708996,0.8181818181818182,0.75
4,2,video_only,gradient_boosting,0.6166666666666667,0.8,0.6833333333333333,0.8798810598442952,0.7692307692307693,0.8333333333333334
4,3,video_only,gradient_boosting,0.5916666666666667,0.6666666666666666,0.7333333333333333,0.894162087912088,0.7777777777777778,0.5833333333333334
4,4,video_only,gradient_boosting,0.6212121212121212,0.8,0.7045454545454546,0.8388503208021925,0.7142857142857143,0.9090909090909091
4,0,video_only,svm_rbf,0.8333333333333333,0.8,0.95,0.9833333333333333,1.0,0.6666666666666666
4,1,video_only,svm_rbf,0.8333333333333333,0.8,0.85,0.9462454212454213,1.0,0.6666666666666666
4,2,video_only,svm_rbf,0.775,0.8181818181818182,0.8666666666666667,0.9408038720538721,0.9,0.75
4,3,video_only,svm_rbf,0.65,0.631578947368421,0.7333333333333334,0.8926468819851173,0.8571428571428571,0.5
4,4,video_only,svm_rbf,0.6590909090909092,0.782608695652174,0.7727272727272727,0.8774531024531025,0.75,0.8181818181818182
4,0,video_only,mlp_sklearn,0.45,0.5714285714285714,0.48333333333333334,0.8037608837241191,0.6666666666666666,0.5
4,1,video_only,mlp_sklearn,0.8333333333333333,0.8,0.8500000000000001,0.9493686868686869,1.0,0.6666666666666666
4,2,video_only,mlp_sklearn,0.7333333333333334,0.7619047619047619,0.6333333333333333,0.8722329209461562,0.8888888888888888,0.6666666666666666
4,3,video_only,mlp_sklearn,0.6333333333333333,0.7272727272727273,0.65,0.8320966683099037,0.8,0.6666666666666666
4,4,video_only,mlp_sklearn,0.5757575757575758,0.75,0.7575757575757576,0.884505772005772,0.6923076923076923,0.8181818181818182
4,0,multimodal,dummy_most_frequent,0.5,0.8275862068965517,0.5,0.7058823529411765,0.7058823529411765,1.0
4,1,multimodal,dummy_most_frequent,0.5,0.8275862068965517,0.5,0.7058823529411765,0.7058823529411765,1.0
4,2,multimodal,dummy_most_frequent,0.5,0.8275862068965517,0.5,0.7058823529411765,0.7058823529411765,1.0
4,3,multimodal,dummy_most_frequent,0.5,0.8275862068965517,0.5,0.7058823529411765,0.7058823529411765,1.0
4,4,multimodal,dummy_most_frequent,0.5,0.7857142857142857,0.5,0.6470588235294118,0.6470588235294118,1.0
4,0,multimodal,dummy_stratified,0.3916666666666667,0.6086956521739131,0.3916666666666667,0.6653297682709447,0.6363636363636364,0.5833333333333334
4,1,multimodal,dummy_stratified,0.3916666666666667,0.6086956521739131,0.3916666666666667,0.6653297682709447,0.6363636363636364,0.5833333333333334
4,2,multimodal,dummy_stratified,0.25,0.5217391304347826,0.25,0.625668449197861,0.5454545454545454,0.5
4,3,multimodal,dummy_stratified,0.3916666666666667,0.6086956521739131,0.3916666666666667,0.6653297682709447,0.6363636363636364,0.5833333333333334
4,4,multimodal,dummy_stratified,0.48484848484848486,0.6363636363636364,0.48484848484848486,0.6402527953330093,0.6363636363636364,0.6363636363636364
4,0,multimodal,logistic_regression,0.7166666666666667,0.8333333333333334,0.7333333333333334,0.8889159451659453,0.8333333333333334,0.8333333333333334
4,1,multimodal,logistic_regression,0.875,0.8571428571428571,0.8833333333333334,0.9609699940582294,1.0,0.75
4,2,multimodal,logistic_regression,0.7583333333333333,0.88,0.9,0.9559824434824434,0.8461538461538461,0.9166666666666666
4,3,multimodal,logistic_regression,0.775,0.8181818181818182,0.8166666666666667,0.925724506974507,0.9,0.75
4,4,multimodal,logistic_regression,0.7424242424242424,0.8181818181818182,0.7878787878787878,0.8764891673982583,0.8181818181818182,0.8181818181818182
4,0,multimodal,random_forest,0.6583333333333333,0.8461538461538461,0.8666666666666667,0.950437062937063,0.7857142857142857,0.9166666666666666
4,1,multimodal,random_forest,0.875,0.8571428571428571,0.9166666666666666,0.9688131313131313,1.0,0.75
4,2,multimodal,random_forest,0.6583333333333333,0.8461538461538461,0.9333333333333333,0.9763888888888889,0.7857142857142857,0.9166666666666666
4,3,multimodal,random_forest,0.775,0.8181818181818182,0.8833333333333333,0.9501063751063751,0.9,0.75
4,4,multimodal,random_forest,0.5757575757575758,0.75,0.7272727272727273,0.8575159688796054,0.6923076923076923,0.8181818181818182
4,0,multimodal,gradient_boosting,0.7583333333333333,0.88,0.7333333333333334,0.7958765771265771,0.8461538461538461,0.9166666666666666
4,1,multimodal,gradient_boosting,0.7166666666666667,0.8333333333333334,0.8333333333333333,0.9417239623121977,0.8333333333333334,0.8333333333333334
4,2,multimodal,gradient_boosting,0.6166666666666667,0.8,0.7833333333333332,0.9125931938431938,0.7692307692307693,0.8333333333333334
4,3,multimodal,gradient_boosting,0.775,0.8181818181818182,0.8166666666666667,0.9167099104599105,0.9,0.75
4,4,multimodal,gradient_boosting,0.6212121212121212,0.8,0.6515151515151516,0.7703947567583932,0.7142857142857143,0.9090909090909091
4,0,multimodal,svm_rbf,0.675,0.782608695652174,0.7166666666666667,0.8701150701150702,0.8181818181818182,0.75
4,1,multimodal,svm_rbf,0.875,0.8571428571428571,0.9333333333333333,0.973575036075036,1.0,0.75
4,2,multimodal,svm_rbf,0.9,0.96,0.8666666666666667,0.9252666315166315,0.9230769230769231,1.0
4,3,multimodal,svm_rbf,0.8166666666666667,0.8695652173913043,0.9333333333333333,0.9752747252747253,0.9090909090909091,0.8333333333333334
4,4,multimodal,svm_rbf,0.6590909090909092,0.782608695652174,0.9090909090909092,0.9595404595404595,0.75,0.8181818181818182
4,0,multimodal,mlp_sklearn,0.675,0.782608695652174,0.5833333333333334,0.8067011147893501,0.8181818181818182,0.75
4,1,multimodal,mlp_sklearn,0.6583333333333333,0.8461538461538461,0.6333333333333333,0.84900834459658,0.7857142857142857,0.9166666666666666
4,2,multimodal,mlp_sklearn,0.4916666666666667,0.6363636363636364,0.6166666666666667,0.854949278662514,0.7,0.5833333333333334
4,3,multimodal,mlp_sklearn,0.5166666666666667,0.7692307692307693,0.7333333333333334,0.8855761749144102,0.7142857142857143,0.8333333333333334
4,4,multimodal,mlp_sklearn,0.4318181818181818,0.4444444444444444,0.37878787878787884,0.711582134443097,0.5714285714285714,0.36363636363636365
42,0,clinical_only,dummy_most_frequent,0.5,0.8275862068965517,0.5,0.7058823529411765,0.7058823529411765,1.0
42,1,clinical_only,dummy_most_frequent,0.5,0.8275862068965517,0.5,0.7058823529411765,0.7058823529411765,1.0
42,2,clinical_only,dummy_most_frequent,0.5,0.8275862068965517,0.5,0.7058823529411765,0.7058823529411765,1.0
42,3,clinical_only,dummy_most_frequent,0.5,0.8275862068965517,0.5,0.7058823529411765,0.7058823529411765,1.0
42,4,clinical_only,dummy_most_frequent,0.5,0.7857142857142857,0.5,0.6470588235294118,0.6470588235294118,1.0
42,0,clinical_only,dummy_stratified,0.5333333333333333,0.6956521739130435,0.5333333333333333,0.7201426024955437,0.7272727272727273,0.6666666666666666
42,1,clinical_only,dummy_stratified,0.5333333333333333,0.6956521739130435,0.5333333333333333,0.7201426024955437,0.7272727272727273,0.6666666666666666
42,2,clinical_only,dummy_stratified,0.3916666666666667,0.6086956521739131,0.3916666666666667,0.6653297682709447,0.6363636363636364,0.5833333333333334
42,3,clinical_only,dummy_stratified,0.5333333333333333,0.6956521739130435,0.5333333333333333,0.7201426024955437,0.7272727272727273,0.6666666666666666
42,4,clinical_only,dummy_stratified,0.6136363636363636,0.7272727272727273,0.6136363636363636,0.7053962080700049,0.7272727272727273,0.7272727272727273
42,0,clinical_only,logistic_regression,0.7166666666666667,0.8333333333333334,0.7499999999999999,0.8867995430495431,0.8333333333333334,0.8333333333333334
42,1,clinical_only,logistic_regression,0.775,0.8181818181818182,0.75,0.8899412542794896,0.9,0.75
42,2,clinical_only,logistic_regression,0.9166666666666667,0.9090909090909091,0.9666666666666668,0.9866452991452991,1.0,0.8333333333333334
42,3,clinical_only,logistic_regression,0.6916666666666667,0.7,0.8166666666666667,0.9280464905464906,0.875,0.5833333333333334
42,4,clinical_only,logistic_regression,0.6136363636363636,0.7272727272727273,0.5909090909090909,0.7545207614726331,0.7272727272727273,0.7272727272727273
42,0,clinical_only,random_forest,0.7583333333333333,0.88,0.7666666666666666,0.8069516132016131,0.8461538461538461,0.9166666666666666
42,1,clinical_only,random_forest,0.7166666666666667,0.8333333333333334,0.7666666666666667,0.8983176545676547,0.8333333333333334,0.8333333333333334
42,2,clinical_only,random_forest,0.8,0.9230769230769231,0.95,0.9811507936507936,0.8571428571428571,1.0
42,3,clinical_only,random_forest,0.8583333333333334,0.9166666666666666,0.9,0.9510602823102824,0.9166666666666666,0.9166666666666666
42,4,clinical_only,random_forest,0.49242424242424243,0.72,0.6363636363636364,0.8141095016095016,0.6428571428571429,0.8181818181818182
42,0,clinical_only,gradient_boosting,0.7583333333333333,0.88,0.7,0.7783110408110407,0.8461538461538461,0.9166666666666666
42,1,clinical_only,gradient_boosting,0.475,0.72,0.5166666666666666,0.7231461281093634,0.6923076923076923,0.75
42,2,clinical_only,gradient_boosting,0.9,0.96,0.9166666666666667,0.961476948976949,0.9230769230769231,1.0
42,3,clinical_only,gradient_boosting,0.675,0.782608695652174,0.8,0.9116732804232804,0.8181818181818182,0.75
42,4,clinical_only,gradient_boosting,0.49242424242424243,0.72,0.4393939393939394,0.695847965166147,0.6428571428571429,0.8181818181818182
42,0,clinical_only,svm_rbf,0.675,0.782608695652174,0.8,0.9007647445147445,0.8181818181818182,0.75
42,1,clinical_only,svm_rbf,0.5166666666666667,0.7692307692307693,0.6,0.7816951566951568,0.7142857142857143,0.8333333333333334
42,2,clinical_only,svm_rbf,0.9,0.96,0.9833333333333334,0.9935897435897435,0.9230769230769231,1.0
42,3,clinical_only,svm_rbf,0.7583333333333333,0.88,0.9166666666666666,0.9754901960784313,0.8461538461538461,0.9166666666666666
42,4,clinical_only,svm_rbf,0.7045454545454546,0.8333333333333334,0.7727272727272727,0.8414075823166732,0.7692307692307693,0.9090909090909091
42,0,clinical_only,mlp_sklearn,0.6333333333333333,0.7272727272727273,0.5333333333333332,0.7144179894179894,0.8,0.6666666666666666
42,1,clinical_only,mlp_sklearn,0.375,0.6923076923076923,0.6166666666666667,0.8505601492733846,0.6428571428571429,0.75
42,2,clinical_only,mlp_sklearn,0.4583333333333333,0.7857142857142857,0.5666666666666667,0.8223561773194127,0.6875,0.9166666666666666
42,3,clinical_only,mlp_sklearn,0.5166666666666667,0.7692307692307693,0.4833333333333333,0.7679105616605617,0.7142857142857143,0.8333333333333334
42,4,clinical_only,mlp_sklearn,0.3181818181818182,0.5833333333333334,0.4242424242424242,0.7132940588822941,0.5384615384615384,0.6363636363636364
42,0,video_only,dummy_most_frequent,0.5,0.8275862068965517,0.5,0.7058823529411765,0.7058823529411765,1.0
42,1,video_only,dummy_most_frequent,0.5,0.8275862068965517,0.5,0.7058823529411765,0.7058823529411765,1.0
42,2,video_only,dummy_most_frequent,0.5,0.8275862068965517,0.5,0.7058823529411765,0.7058823529411765,1.0
42,3,video_only,dummy_most_frequent,0.5,0.8275862068965517,0.5,0.7058823529411765,0.7058823529411765,1.0
42,4,video_only,dummy_most_frequent,0.5,0.7857142857142857,0.5,0.6470588235294118,0.6470588235294118,1.0
42,0,video_only,dummy_stratified,0.5333333333333333,0.6956521739130435,0.5333333333333333,0.7201426024955437,0.7272727272727273,0.6666666666666666
42,1,video_only,dummy_stratified,0.5333333333333333,0.6956521739130435,0.5333333333333333,0.7201426024955437,0.7272727272727273,0.6666666666666666
42,2,video_only,dummy_stratified,0.3916666666666667,0.6086956521739131,0.3916666666666667,0.6653297682709447,0.6363636363636364,0.5833333333333334
42,3,video_only,dummy_stratified,0.5333333333333333,0.6956521739130435,0.5333333333333333,0.7201426024955437,0.7272727272727273,0.6666666666666666
42,4,video_only,dummy_stratified,0.6136363636363636,0.7272727272727273,0.6136363636363636,0.7053962080700049,0.7272727272727273,0.7272727272727273
42,0,video_only,logistic_regression,0.8333333333333333,0.8,0.9166666666666666,0.9688131313131313,1.0,0.6666666666666666
42,1,video_only,logistic_regression,0.6916666666666667,0.7,0.8,0.9197691197691199,0.875,0.5833333333333334
42,2,video_only,logistic_regression,0.775,0.8181818181818182,0.8500000000000001,0.9493686868686869,0.9,0.75
42,3,video_only,logistic_regression,0.8166666666666667,0.8695652173913043,0.8666666666666667,0.9495670995670996,0.9090909090909091,0.8333333333333334
42,4,video_only,logistic_regression,0.696969696969697,0.7619047619047619,0.7878787878787878,0.9109814724787987,0.8,0.7272727272727273
42,0,video_only,random_forest,0.875,0.8571428571428571,0.9333333333333333,0.973575036075036,1.0,0.75
42,1,video_only,random_forest,0.575,0.75,0.8166666666666667,0.9286528286528287,0.75,0.75
42,2,video_only,random_forest,0.7166666666666667,0.8333333333333334,0.8500000000000001,0.9532679738562092,0.8333333333333334,0.8333333333333334
42,3,video_only,random_forest,0.6166666666666667,0.8,0.8,0.9269272394272394,0.7692307692307693,0.8333333333333334
42,4,video_only,random_forest,0.6136363636363636,0.7272727272727273,0.7272727272727273,0.8685008173644538,0.7272727272727273,0.7272727272727273
42,0,video_only,gradient_boosting,0.875,0.8571428571428571,0.8833333333333333,0.9579004329004329,1.0,0.75
42,1,video_only,gradient_boosting,0.6166666666666667,0.8,0.7166666666666667,0.8860602360602361,0.7692307692307693,0.8333333333333334
42,2,video_only,gradient_boosting,0.6583333333333333,0.8461538461538461,0.8166666666666667,0.925724506974507,0.7857142857142857,0.9166666666666666
42,3,video_only,gradient_boosting,0.5583333333333333,0.8148148148148148,0.75,0.9075609031491385,0.7333333333333333,0.9166666666666666
42,4,video_only,gradient_boosting,0.49242424242424243,0.72,0.6666666666666666,0.8504901960784313,0.6428571428571429,0.8181818181818182
42,0,video_only,svm_rbf,0.75,0.6666666666666666,0.9333333333333333,0.973575036075036,1.0,0.5
42,1,video_only,svm_rbf,0.7333333333333334,0.7619047619047619,0.8,0.918236161986162,0.8888888888888888,0.6666666666666666
42,2,video_only,svm_rbf,0.875,0.8571428571428571,0.8666666666666667,0.9569444444444445,1.0,0.75
42,3,video_only,svm_rbf,0.8166666666666667,0.8695652173913043,0.8666666666666667,0.9396897084397084,0.9090909090909091,0.8333333333333334
42,4,video_only,svm_rbf,0.8257575757575758,0.8571428571428571,0.8484848484848485,0.9314199689199689,0.9,0.8181818181818182
42,0,video_only,mlp_sklearn,0.5083333333333333,0.5263157894736842,0.7,0.872574130662366,0.7142857142857143,0.4166666666666667
42,1,video_only,mlp_sklearn,0.7916666666666667,0.7368421052631579,0.6500000000000001,0.878110145573381,1.0,0.5833333333333334
42,2,video_only,mlp_sklearn,0.7333333333333334,0.7619047619047619,0.7666666666666666,0.8962543855926209,0.8888888888888888,0.6666666666666666
42,3,video_only,mlp_sklearn,0.5583333333333333,0.8148148148148148,0.7833333333333334,0.8883008195508196,0.7333333333333333,0.9166666666666666
42,4,video_only,mlp_sklearn,0.606060606060606,0.631578947368421,0.5151515151515151,0.7759147715030068,0.75,0.5454545454545454
42,0,multimodal,dummy_most_frequent,0.5,0.8275862068965517,0.5,0.7058823529411765,0.7058823529411765,1.0
42,1,multimodal,dummy_most_frequent,0.5,0.8275862068965517,0.5,0.7058823529411765,0.7058823529411765,1.0
42,2,multimodal,dummy_most_frequent,0.5,0.8275862068965517,0.5,0.7058823529411765,0.7058823529411765,1.0
42,3,multimodal,dummy_most_frequent,0.5,0.8275862068965517,0.5,0.7058823529411765,0.7058823529411765,1.0
42,4,multimodal,dummy_most_frequent,0.5,0.7857142857142857,0.5,0.6470588235294118,0.6470588235294118,1.0
42,0,multimodal,dummy_stratified,0.5333333333333333,0.6956521739130435,0.5333333333333333,0.7201426024955437,0.7272727272727273,0.6666666666666666
42,1,multimodal,dummy_stratified,0.5333333333333333,0.6956521739130435,0.5333333333333333,0.7201426024955437,0.7272727272727273,0.6666666666666666
42,2,multimodal,dummy_stratified,0.3916666666666667,0.6086956521739131,0.3916666666666667,0.6653297682709447,0.6363636363636364,0.5833333333333334
42,3,multimodal,dummy_stratified,0.5333333333333333,0.6956521739130435,0.5333333333333333,0.7201426024955437,0.7272727272727273,0.6666666666666666
42,4,multimodal,dummy_stratified,0.6136363636363636,0.7272727272727273,0.6136363636363636,0.7053962080700049,0.7272727272727273,0.7272727272727273
42,0,multimodal,logistic_regression,0.6333333333333333,0.7272727272727273,0.75,0.9008207070707072,0.8,0.6666666666666666
42,1,multimodal,logistic_regression,0.675,0.782608695652174,0.7999999999999999,0.9243700199582553,0.8181818181818182,0.75
42,2,multimodal,logistic_regression,0.875,0.8571428571428571,0.8833333333333333,0.9626696832579186,1.0,0.75
42,3,multimodal,logistic_regression,0.6916666666666667,0.7,0.8333333333333334,0.9214718152218152,0.875,0.5833333333333334
42,4,multimodal,logistic_regression,0.7878787878787878,0.8695652173913043,0.7575757575757576,0.8603681968655231,0.8333333333333334,0.9090909090909091
42,0,multimodal,random_forest,0.7583333333333333,0.88,0.8666666666666667,0.9336610149110148,0.8461538461538461,0.9166666666666666
42,1,multimodal,random_forest,0.675,0.782608695652174,0.8,0.9285926491808845,0.8181818181818182,0.75
42,2,multimodal,random_forest,0.7166666666666667,0.8333333333333334,0.9166666666666667,0.9676989676989677,0.8333333333333334,0.8333333333333334
42,3,multimodal,random_forest,0.8,0.9230769230769231,0.9833333333333334,0.9935897435897435,0.8571428571428571,1.0
42,4,multimodal,random_forest,0.6136363636363636,0.7272727272727273,0.696969696969697,0.8416068779705144,0.7272727272727273,0.7272727272727273
42,0,multimodal,gradient_boosting,0.675,0.782608695652174,0.7333333333333333,0.7938203000703,0.8181818181818182,0.75
42,1,multimodal,gradient_boosting,0.575,0.75,0.7,0.8635676279058633,0.75,0.75
42,2,multimodal,gradient_boosting,0.6166666666666667,0.8,0.7666666666666666,0.8665975228475229,0.7692307692307693,0.8333333333333334
42,3,multimodal,gradient_boosting,0.6916666666666667,0.7,0.6333333333333333,0.814781746031746,0.875,0.5833333333333334
42,4,multimodal,gradient_boosting,0.5757575757575758,0.75,0.6060606060606061,0.7443223443223443,0.6923076923076923,0.8181818181818182
42,0,multimodal,svm_rbf,0.7333333333333334,0.7619047619047619,0.8666666666666667,0.9336610149110148,0.8888888888888888,0.6666666666666666
42,1,multimodal,svm_rbf,0.675,0.782608695652174,0.7166666666666667,0.8750270562770563,0.8181818181818182,0.75
42,2,multimodal,svm_rbf,0.9166666666666667,0.9090909090909091,1.0,0.9999999999999999,1.0,0.8333333333333334
42,3,multimodal,svm_rbf,0.9,0.96,0.9500000000000001,0.9790695415695415,0.9230769230769231,1.0
42,4,multimodal,svm_rbf,0.5757575757575758,0.75,0.8636363636363636,0.9406926406926407,0.6923076923076923,0.8181818181818182
42,0,multimodal,mlp_sklearn,0.7583333333333333,0.88,0.7999999999999999,0.9207715351097704,0.8461538461538461,0.9166666666666666
42,1,multimodal,mlp_sklearn,0.43333333333333335,0.6666666666666666,0.55,0.8073632998265351,0.6666666666666666,0.6666666666666666
42,2,multimodal,mlp_sklearn,0.8583333333333334,0.9166666666666666,0.9666666666666667,0.988095238095238,0.9166666666666666,0.9166666666666666
42,3,multimodal,mlp_sklearn,0.8,0.9230769230769231,0.8666666666666667,0.9462343212343213,0.8571428571428571,1.0
42,4,multimodal,mlp_sklearn,0.45454545454545453,0.7407407407407407,0.6666666666666666,0.8434056139938493,0.625,0.9090909090909091
123,0,clinical_only,dummy_most_frequent,0.5,0.8275862068965517,0.5,0.7058823529411765,0.7058823529411765,1.0
123,1,clinical_only,dummy_most_frequent,0.5,0.8275862068965517,0.5,0.7058823529411765,0.7058823529411765,1.0
123,2,clinical_only,dummy_most_frequent,0.5,0.8275862068965517,0.5,0.7058823529411765,0.7058823529411765,1.0
123,3,clinical_only,dummy_most_frequent,0.5,0.8275862068965517,0.5,0.7058823529411765,0.7058823529411765,1.0
123,4,clinical_only,dummy_most_frequent,0.5,0.7857142857142857,0.5,0.6470588235294118,0.6470588235294118,1.0
123,0,clinical_only,dummy_stratified,0.5333333333333333,0.6956521739130435,0.5333333333333333,0.7201426024955437,0.7272727272727273,0.6666666666666666
123,1,clinical_only,dummy_stratified,0.5333333333333333,0.6956521739130435,0.5333333333333333,0.7201426024955437,0.7272727272727273,0.6666666666666666
123,2,clinical_only,dummy_stratified,0.675,0.782608695652174,0.675,0.7901069518716578,0.8181818181818182,0.75
123,3,clinical_only,dummy_stratified,0.675,0.782608695652174,0.675,0.7901069518716578,0.8181818181818182,0.75
123,4,clinical_only,dummy_stratified,0.356060606060606,0.5454545454545454,0.356060606060606,0.5916383082158483,0.5454545454545454,0.5454545454545454
123,0,clinical_only,logistic_regression,0.7333333333333334,0.7619047619047619,0.7833333333333332,0.9232507688390041,0.8888888888888888,0.6666666666666666
123,1,clinical_only,logistic_regression,0.6333333333333333,0.7272727272727273,0.7166666666666666,0.849299543049543,0.8,0.6666666666666666
123,2,clinical_only,logistic_regression,0.675,0.782608695652174,0.6666666666666667,0.8456052661935015,0.8181818181818182,0.75
123,3,clinical_only,logistic_regression,0.8333333333333333,0.8,0.9666666666666667,0.988095238095238,1.0,0.6666666666666666
123,4,clinical_only,logistic_regression,0.6666666666666666,0.8461538461538461,0.5909090909090909,0.7695387945387946,0.7333333333333333,1.0
123,0,clinical_only,random_forest,0.7,0.8888888888888888,0.8833333333333333,0.9530525030525031,0.8,1.0
123,1,clinical_only,random_forest,0.7166666666666667,0.8333333333333334,0.8333333333333334,0.9298911736411737,0.8333333333333334,0.8333333333333334
123,2,clinical_only,random_forest,0.675,0.782608695652174,0.75,0.8558573371073371,0.8181818181818182,0.75
123,3,clinical_only,random_forest,0.8166666666666667,0.8695652173913043,0.9500000000000001,0.9790695415695415,0.9090909090909091,0.8333333333333334
123,4,clinical_only,random_forest,0.6666666666666666,0.8461538461538461,0.7121212121212122,0.8267843267843268,0.7333333333333333,1.0
123,0,clinical_only,gradient_boosting,0.6166666666666667,0.8,0.6166666666666667,0.7500753875753876,0.7692307692307693,0.8333333333333334
123,1,clinical_only,gradient_boosting,0.575,0.75,0.6000000000000001,0.8034123284123285,0.75,0.75
123,2,clinical_only,gradient_boosting,0.7583333333333333,0.88,0.7499999999999999,0.8637910156292509,0.8461538461538461,0.9166666666666666
123,3,clinical_only,gradient_boosting,0.8166666666666667,0.8695652173913043,0.8666666666666667,0.9576330532212886,0.9090909090909091,0.8333333333333334
123,4,clinical_only,gradient_boosting,0.6212121212121212,0.8,0.6818181818181819,0.7844978254069164,0.7142857142857143,0.9090909090909091
123,0,clinical_only,svm_rbf,0.7583333333333333,0.88,0.8333333333333333,0.9138960576460576,0.8461538461538461,0.9166666666666666
123,1,clinical_only,svm_rbf,0.6333333333333333,0.7272727272727273,0.8333333333333334,0.9295676545676547,0.8,0.6666666666666666
123,2,clinical_only,svm_rbf,0.7166666666666667,0.8333333333333334,0.7333333333333334,0.8280795593295592,0.8333333333333334,0.8333333333333334
123,3,clinical_only,svm_rbf,0.875,0.8571428571428571,0.95,0.9833333333333333,1.0,0.75
123,4,clinical_only,svm_rbf,0.6666666666666666,0.8461538461538461,0.6060606060606061,0.7443223443223443,0.7333333333333333,1.0
123,0,clinical_only,mlp_sklearn,0.6,0.8571428571428571,0.7166666666666667,0.865767797017797,0.75,1.0
123,1,clinical_only,mlp_sklearn,0.4166666666666667,0.7407407407407407,0.6666666666666666,0.8833313132945486,0.6666666666666666,0.8333333333333334
123,2,clinical_only,mlp_sklearn,0.575,0.75,0.6499999999999999,0.8293320105820107,0.75,0.75
123,3,clinical_only,mlp_sklearn,0.575,0.75,0.75,0.9143069348951701,0.75,0.75
123,4,clinical_only,mlp_sklearn,0.4015151515151515,0.6086956521739131,0.36363636363636365,0.6642577416641587,0.5833333333333334,0.6363636363636364
123,0,video_only,dummy_most_frequent,0.5,0.8275862068965517,0.5,0.7058823529411765,0.7058823529411765,1.0
123,1,video_only,dummy_most_frequent,0.5,0.8275862068965517,0.5,0.7058823529411765,0.7058823529411765,1.0
123,2,video_only,dummy_most_frequent,0.5,0.8275862068965517,0.5,0.7058823529411765,0.7058823529411765,1.0
123,3,video_only,dummy_most_frequent,0.5,0.8275862068965517,0.5,0.7058823529411765,0.7058823529411765,1.0
123,4,video_only,dummy_most_frequent,0.5,0.7857142857142857,0.5,0.6470588235294118,0.6470588235294118,1.0
123,0,video_only,dummy_stratified,0.5333333333333333,0.6956521739130435,0.5333333333333333,0.7201426024955437,0.7272727272727273,0.6666666666666666
123,1,video_only,dummy_stratified,0.5333333333333333,0.6956521739130435,0.5333333333333333,0.7201426024955437,0.7272727272727273,0.6666666666666666
123,2,video_only,dummy_stratified,0.675,0.782608695652174,0.675,0.7901069518716578,0.8181818181818182,0.75
123,3,video_only,dummy_stratified,0.675,0.782608695652174,0.675,0.7901069518716578,0.8181818181818182,0.75
123,4,video_only,dummy_stratified,0.356060606060606,0.5454545454545454,0.356060606060606,0.5916383082158483,0.5454545454545454,0.5454545454545454
123,0,video_only,logistic_regression,0.875,0.8571428571428571,0.9166666666666667,0.9722222222222222,1.0,0.75
123,1,video_only,logistic_regression,0.7166666666666667,0.8333333333333334,0.8333333333333333,0.9390873015873016,0.8333333333333334,0.8333333333333334
123,2,video_only,logistic_regression,0.6916666666666667,0.7,0.75,0.8932810245310246,0.875,0.5833333333333334
123,3,video_only,logistic_regression,0.875,0.8571428571428571,0.9166666666666667,0.9676989676989677,1.0,0.75
123,4,video_only,logistic_regression,0.8636363636363636,0.8421052631578947,0.8333333333333334,0.9290879574970484,1.0,0.7272727272727273
123,0,video_only,random_forest,0.675,0.782608695652174,0.85,0.947420634920635,0.8181818181818182,0.75
123,1,video_only,random_forest,0.6583333333333333,0.8461538461538461,0.8166666666666667,0.9337454212454213,0.7857142857142857,0.9166666666666666
123,2,video_only,random_forest,0.5916666666666667,0.6666666666666666,0.7166666666666667,0.8783221408221408,0.7777777777777778,0.5833333333333334
123,3,video_only,random_forest,0.675,0.782608695652174,0.8666666666666667,0.9482905982905984,0.8181818181818182,0.75
123,4,video_only,random_forest,0.5681818181818181,0.6666666666666666,0.7424242424242424,0.8891749961268679,0.7,0.6363636363636364
123,0,video_only,gradient_boosting,0.575,0.75,0.7333333333333334,0.9013167388167388,0.75,0.75
123,1,video_only,gradient_boosting,0.6166666666666667,0.8,0.8333333333333334,0.9410353535353536,0.7692307692307693,0.8333333333333334
123,2,video_only,gradient_boosting,0.675,0.782608695652174,0.6666666666666667,0.8420185751068104,0.8181818181818182,0.75
123,3,video_only,gradient_boosting,0.7166666666666667,0.8333333333333334,0.7666666666666666,0.893617724867725,0.8333333333333334,0.8333333333333334
123,4,video_only,gradient_boosting,0.6136363636363636,0.7272727272727273,0.6818181818181818,0.8629721585603939,0.7272727272727273,0.7272727272727273
123,0,video_only,svm_rbf,0.875,0.8571428571428571,0.85,0.950057295645531,1.0,0.75
123,1,video_only,svm_rbf,0.7166666666666667,0.8333333333333334,0.8166666666666667,0.9322691197691197,0.8333333333333334,0.8333333333333334
123,2,video_only,svm_rbf,0.6916666666666667,0.7,0.7833333333333333,0.893357337107337,0.875,0.5833333333333334
123,3,video_only,svm_rbf,0.8333333333333333,0.8,0.9166666666666667,0.9676989676989677,1.0,0.6666666666666666
123,4,video_only,svm_rbf,0.7348484848484849,0.7368421052631579,0.803030303030303,0.915310476807803,0.875,0.6363636363636364
123,0,video_only,mlp_sklearn,0.8166666666666667,0.8695652173913043,0.8333333333333334,0.9456922162804516,0.9090909090909091,0.8333333333333334
123,1,video_only,mlp_sklearn,0.575,0.75,0.6666666666666667,0.8586313604695958,0.75,0.75
123,2,video_only,mlp_sklearn,0.7916666666666667,0.7368421052631579,0.7833333333333332,0.9232507688390041,1.0,0.5833333333333334
123,3,video_only,mlp_sklearn,0.7083333333333334,0.5882352941176471,0.5166666666666666,0.8141393941026295,1.0,0.4166666666666667
123,4,video_only,mlp_sklearn,0.5151515151515151,0.47058823529411764,0.5606060606060606,0.783174178762414,0.6666666666666666,0.36363636363636365
123,0,multimodal,dummy_most_frequent,0.5,0.8275862068965517,0.5,0.7058823529411765,0.7058823529411765,1.0
123,1,multimodal,dummy_most_frequent,0.5,0.8275862068965517,0.5,0.7058823529411765,0.7058823529411765,1.0
123,2,multimodal,dummy_most_frequent,0.5,0.8275862068965517,0.5,0.7058823529411765,0.7058823529411765,1.0
123,3,multimodal,dummy_most_frequent,0.5,0.8275862068965517,0.5,0.7058823529411765,0.7058823529411765,1.0
123,4,multimodal,dummy_most_frequent,0.5,0.7857142857142857,0.5,0.6470588235294118,0.6470588235294118,1.0
123,0,multimodal,dummy_stratified,0.5333333333333333,0.6956521739130435,0.5333333333333333,0.7201426024955437,0.7272727272727273,0.6666666666666666
123,1,multimodal,dummy_stratified,0.5333333333333333,0.6956521739130435,0.5333333333333333,0.7201426024955437,0.7272727272727273,0.6666666666666666
123,2,multimodal,dummy_stratified,0.675,0.782608695652174,0.675,0.7901069518716578,0.8181818181818182,0.75
123,3,multimodal,dummy_stratified,0.675,0.782608695652174,0.675,0.7901069518716578,0.8181818181818182,0.75
123,4,multimodal,dummy_stratified,0.356060606060606,0.5454545454545454,0.356060606060606,0.5916383082158483,0.5454545454545454,0.5454545454545454
123,0,multimodal,logistic_regression,0.8583333333333334,0.9166666666666666,0.9166666666666667,0.9722222222222222,0.9166666666666666,0.9166666666666666
123,1,multimodal,logistic_regression,0.8166666666666667,0.8695652173913043,0.7833333333333334,0.9094546657046657,0.9090909090909091,0.8333333333333334
123,2,multimodal,logistic_regression,0.5916666666666667,0.6666666666666666,0.6833333333333333,0.8622719328601682,0.7777777777777778,0.5833333333333334
123,3,multimodal,logistic_regression,0.9166666666666667,0.9090909090909091,0.9833333333333334,0.9935897435897435,1.0,0.8333333333333334
123,4,multimodal,logistic_regression,0.6666666666666666,0.8461538461538461,0.7121212121212122,0.8455488955488956,0.7333333333333333,1.0
123,0,multimodal,random_forest,0.7583333333333333,0.88,0.9166666666666666,0.9705128205128205,0.8461538461538461,0.9166666666666666
123,1,multimodal,random_forest,0.7166666666666667,0.8333333333333334,0.7999999999999999,0.9151799045181398,0.8333333333333334,0.8333333333333334
123,2,multimodal,random_forest,0.675,0.782608695652174,0.7666666666666666,0.8852554852554851,0.8181818181818182,0.75
123,3,multimodal,random_forest,1.0,1.0,1.0,0.9999999999999999,1.0,1.0
123,4,multimodal,random_forest,0.6212121212121212,0.8,0.7878787878787878,0.902262888626525,0.7142857142857143,0.9090909090909091
123,0,multimodal,gradient_boosting,0.6166666666666667,0.8,0.75,0.8983287545787546,0.7692307692307693,0.8333333333333334
123,1,multimodal,gradient_boosting,0.7166666666666667,0.8333333333333334,0.6833333333333333,0.7774843212343212,0.8333333333333334,0.8333333333333334
123,2,multimodal,gradient_boosting,0.675,0.782608695652174,0.7499999999999999,0.8881597024979377,0.8181818181818182,0.75
123,3,multimodal,gradient_boosting,0.6583333333333333,0.8461538461538461,0.8333333333333333,0.9420787545787546,0.7857142857142857,0.9166666666666666
123,4,multimodal,gradient_boosting,0.49242424242424243,0.72,0.6666666666666666,0.8341744411263128,0.6428571428571429,0.8181818181818182
123,0,multimodal,svm_rbf,0.8166666666666667,0.8695652173913043,0.9333333333333333,0.9752747252747253,0.9090909090909091,0.8333333333333334
123,1,multimodal,svm_rbf,0.7166666666666667,0.8333333333333334,0.8666666666666667,0.9495670995670996,0.8333333333333334,0.8333333333333334
123,2,multimodal,svm_rbf,0.7166666666666667,0.8333333333333334,0.8,0.8909162596662596,0.8333333333333334,0.8333333333333334
123,3,multimodal,svm_rbf,0.9166666666666667,0.9090909090909091,1.0,0.9999999999999999,1.0,0.8333333333333334
123,4,multimodal,svm_rbf,0.6212121212121212,0.8,0.7727272727272727,0.8717272626363536,0.7142857142857143,0.9090909090909091
123,0,multimodal,mlp_sklearn,0.6,0.8571428571428571,0.8666666666666667,0.9437932437932438,0.75,1.0
123,1,multimodal,mlp_sklearn,0.6166666666666667,0.8,0.8333333333333333,0.9390873015873016,0.7692307692307693,0.8333333333333334
123,2,multimodal,mlp_sklearn,0.7583333333333333,0.88,0.6666666666666666,0.8073726654609007,0.8461538461538461,0.9166666666666666
123,3,multimodal,mlp_sklearn,0.7166666666666667,0.8333333333333334,0.8333333333333334,0.930761137011137,0.8333333333333334,0.8333333333333334
123,4,multimodal,mlp_sklearn,0.606060606060606,0.631578947368421,0.5606060606060606,0.7569721944721944,0.75,0.5454545454545454
2024,0,clinical_only,dummy_most_frequent,0.5,0.8275862068965517,0.5,0.7058823529411765,0.7058823529411765,1.0
2024,1,clinical_only,dummy_most_frequent,0.5,0.8275862068965517,0.5,0.7058823529411765,0.7058823529411765,1.0
2024,2,clinical_only,dummy_most_frequent,0.5,0.8275862068965517,0.5,0.7058823529411765,0.7058823529411765,1.0
2024,3,clinical_only,dummy_most_frequent,0.5,0.8275862068965517,0.5,0.7058823529411765,0.7058823529411765,1.0
2024,4,clinical_only,dummy_most_frequent,0.5,0.7857142857142857,0.5,0.6470588235294118,0.6470588235294118,1.0
2024,0,clinical_only,dummy_stratified,0.5333333333333333,0.6956521739130435,0.5333333333333333,0.7201426024955437,0.7272727272727273,0.6666666666666666
2024,1,clinical_only,dummy_stratified,0.3916666666666667,0.6086956521739131,0.3916666666666667,0.6653297682709447,0.6363636363636364,0.5833333333333334
2024,2,clinical_only,dummy_stratified,0.675,0.782608695652174,0.675,0.7901069518716578,0.8181818181818182,0.75
2024,3,clinical_only,dummy_stratified,0.3916666666666667,0.6086956521739131,0.3916666666666667,0.6653297682709447,0.6363636363636364,0.5833333333333334
2024,4,clinical_only,dummy_stratified,0.356060606060606,0.5454545454545454,0.356060606060606,0.5916383082158483,0.5454545454545454,0.5454545454545454
2024,0,clinical_only,logistic_regression,0.65,0.631578947368421,0.7,0.8908115645247998,0.8571428571428571,0.5
2024,1,clinical_only,logistic_regression,0.6,0.8571428571428571,0.5999999999999999,0.7635521885521886,0.75,1.0
2024,2,clinical_only,logistic_regression,0.875,0.8571428571428571,0.8,0.9331349206349207,1.0,0.75
2024,3,clinical_only,logistic_regression,0.55,0.6,0.6833333333333333,0.858685241773477,0.75,0.5
2024,4,clinical_only,logistic_regression,0.606060606060606,0.631578947368421,0.6969696969696969,0.8138415877052242,0.75,0.5454545454545454
2024,0,clinical_only,random_forest,0.4916666666666667,0.6363636363636364,0.7333333333333334,0.8985181485181486,0.7,0.5833333333333334
2024,1,clinical_only,random_forest,0.6,0.8571428571428571,0.6166666666666667,0.758161976911977,0.75,1.0
2024,2,clinical_only,random_forest,0.6166666666666667,0.8,0.8333333333333333,0.9390873015873016,0.7692307692307693,0.8333333333333334
2024,3,clinical_only,random_forest,0.7166666666666667,0.8333333333333334,0.8333333333333334,0.9214718152218152,0.8333333333333334,0.8333333333333334
2024,4,clinical_only,random_forest,0.9166666666666667,0.9565217391304348,0.8787878787878788,0.9072838777384232,0.9166666666666666,1.0
2024,0,clinical_only,gradient_boosting,0.5166666666666667,0.7692307692307693,0.6166666666666667,0.8489930820813173,0.7142857142857143,0.8333333333333334
2024,1,clinical_only,gradient_boosting,0.5583333333333333,0.8148148148148148,0.55,0.7854076479076479,0.7333333333333333,0.9166666666666666
2024,2,clinical_only,gradient_boosting,0.6166666666666667,0.8,0.6833333333333333,0.8350351037851038,0.7692307692307693,0.8333333333333334
2024,3,clinical_only,gradient_boosting,0.675,0.782608695652174,0.7333333333333333,0.8477554852554853,0.8181818181818182,0.75
2024,4,clinical_only,gradient_boosting,0.696969696969697,0.7619047619047619,0.8333333333333333,0.8992358651449561,0.8,0.7272727272727273
2024,0,clinical_only,svm_rbf,0.5916666666666667,0.6666666666666666,0.75,0.892105810855811,0.7777777777777778,0.5833333333333334
2024,1,clinical_only,svm_rbf,0.6583333333333333,0.8461538461538461,0.6333333333333333,0.7802188552188553,0.7857142857142857,0.9166666666666666
2024,2,clinical_only,svm_rbf,0.6583333333333333,0.8461538461538461,0.75,0.8854538979538981,0.7857142857142857,0.9166666666666666
2024,3,clinical_only,svm_rbf,0.875,0.8571428571428571,0.9333333333333333,0.9752747252747253,1.0,0.75
2024,4,clinical_only,svm_rbf,0.7803030303030303,0.8,0.8484848484848485,0.8542535747081202,0.8888888888888888,0.7272727272727273
2024,0,clinical_only,mlp_sklearn,0.5583333333333333,0.8148148148148148,0.7,0.8480761749144102,0.7333333333333333,0.9166666666666666
2024,1,clinical_only,mlp_sklearn,0.5,0.8275862068965517,0.6166666666666667,0.8405800830433184,0.7058823529411765,1.0
2024,2,clinical_only,mlp_sklearn,0.43333333333333335,0.6666666666666666,0.41666666666666663,0.7378662459544812,0.6666666666666666,0.6666666666666666
2024,3,clinical_only,mlp_sklearn,0.6583333333333333,0.8461538461538461,0.7666666666666667,0.8974476911976913,0.7857142857142857,0.9166666666666666
2024,4,clinical_only,mlp_sklearn,0.4090909090909091,0.6923076923076923,0.7424242424242425,0.8896316102198455,0.6,0.8181818181818182
2024,0,video_only,dummy_most_frequent,0.5,0.8275862068965517,0.5,0.7058823529411765,0.7058823529411765,1.0
2024,1,video_only,dummy_most_frequent,0.5,0.8275862068965517,0.5,0.7058823529411765,0.7058823529411765,1.0
2024,2,video_only,dummy_most_frequent,0.5,0.8275862068965517,0.5,0.7058823529411765,0.7058823529411765,1.0
2024,3,video_only,dummy_most_frequent,0.5,0.8275862068965517,0.5,0.7058823529411765,0.7058823529411765,1.0
2024,4,video_only,dummy_most_frequent,0.5,0.7857142857142857,0.5,0.6470588235294118,0.6470588235294118,1.0
2024,0,video_only,dummy_stratified,0.5333333333333333,0.6956521739130435,0.5333333333333333,0.7201426024955437,0.7272727272727273,0.6666666666666666
2024,1,video_only,dummy_stratified,0.3916666666666667,0.6086956521739131,0.3916666666666667,0.6653297682709447,0.6363636363636364,0.5833333333333334
2024,2,video_only,dummy_stratified,0.675,0.782608695652174,0.675,0.7901069518716578,0.8181818181818182,0.75
2024,3,video_only,dummy_stratified,0.3916666666666667,0.6086956521739131,0.3916666666666667,0.6653297682709447,0.6363636363636364,0.5833333333333334
2024,4,video_only,dummy_stratified,0.356060606060606,0.5454545454545454,0.356060606060606,0.5916383082158483,0.5454545454545454,0.5454545454545454
2024,0,video_only,logistic_regression,0.75,0.6666666666666666,0.95,0.9811507936507936,1.0,0.5
2024,1,video_only,logistic_regression,0.4583333333333333,0.7857142857142857,0.8166666666666667,0.9393790849673204,0.6875,0.9166666666666666
2024,2,video_only,logistic_regression,0.8166666666666667,0.8695652173913043,0.8166666666666668,0.9418727718360071,0.9090909090909091,0.8333333333333334
2024,3,video_only,logistic_regression,0.7916666666666667,0.7368421052631579,0.9166666666666667,0.9676989676989677,1.0,0.5833333333333334
2024,4,video_only,logistic_regression,0.7803030303030303,0.8,0.8636363636363636,0.9406926406926407,0.8888888888888888,0.7272727272727273
2024,0,video_only,random_forest,0.775,0.8181818181818182,0.8666666666666667,0.9408038720538721,0.9,0.75
2024,1,video_only,random_forest,0.5,0.8275862068965517,0.7333333333333334,0.8956456193588547,0.7058823529411765,1.0
2024,2,video_only,random_forest,0.6166666666666667,0.8,0.7,0.8837005042887397,0.7692307692307693,0.8333333333333334
2024,3,video_only,random_forest,0.775,0.8181818181818182,0.9166666666666667,0.9676989676989677,0.9,0.75
2024,4,video_only,random_forest,0.696969696969697,0.7619047619047619,0.8181818181818182,0.9218115218115218,0.8,0.7272727272727273
2024,0,video_only,gradient_boosting,0.775,0.8181818181818182,0.8833333333333333,0.9546037296037296,0.9,0.75
2024,1,video_only,gradient_boosting,0.4583333333333333,0.7857142857142857,0.5833333333333334,0.846860145573381,0.6875,0.9166666666666666
2024,2,video_only,gradient_boosting,0.475,0.72,0.7416666666666667,0.9050476756359108,0.6923076923076923,0.75
2024,3,video_only,gradient_boosting,0.6333333333333333,0.7272727272727273,0.7666666666666666,0.8909662097162098,0.8,0.6666666666666666
2024,4,video_only,gradient_boosting,0.6136363636363636,0.7272727272727273,0.8181818181818182,0.9218115218115218,0.7272727272727273,0.7272727272727273
2024,0,video_only,svm_rbf,0.8333333333333333,0.8,0.9,0.960479797979798,1.0,0.6666666666666666
2024,1,video_only,svm_rbf,0.5583333333333333,0.8148148148148148,0.85,0.947420634920635,0.7333333333333333,0.9166666666666666
2024,2,video_only,svm_rbf,0.9166666666666667,0.9090909090909091,0.8666666666666667,0.9576330532212886,1.0,0.8333333333333334
2024,3,video_only,svm_rbf,0.75,0.6666666666666666,0.9500000000000001,0.9790695415695415,1.0,0.5
2024,4,video_only,svm_rbf,0.7803030303030303,0.8,0.8181818181818181,0.912618316027407,0.8888888888888888,0.7272727272727273
2024,0,video_only,mlp_sklearn,0.5666666666666667,0.47058823529411764,0.4333333333333333,0.7573323122955476,0.8,0.3333333333333333
2024,1,video_only,mlp_sklearn,0.6166666666666667,0.8,0.8333333333333334,0.9437441643323997,0.7692307692307693,0.8333333333333334
2024,2,video_only,mlp_sklearn,0.7583333333333333,0.88,0.85,0.9487807943690297,0.8461538461538461,0.9166666666666666
2024,3,video_only,mlp_sklearn,0.8166666666666667,0.8695652173913043,0.8666666666666667,0.947053872053872,0.9090909090909091,0.8333333333333334
2024,4,video_only,mlp_sklearn,0.696969696969697,0.7619047619047619,0.8181818181818181,0.9087041746132655,0.8,0.7272727272727273
2024,0,multimodal,dummy_most_frequent,0.5,0.8275862068965517,0.5,0.7058823529411765,0.7058823529411765,1.0
2024,1,multimodal,dummy_most_frequent,0.5,0.8275862068965517,0.5,0.7058823529411765,0.7058823529411765,1.0
2024,2,multimodal,dummy_most_frequent,0.5,0.8275862068965517,0.5,0.7058823529411765,0.7058823529411765,1.0
2024,3,multimodal,dummy_most_frequent,0.5,0.8275862068965517,0.5,0.7058823529411765,0.7058823529411765,1.0
2024,4,multimodal,dummy_most_frequent,0.5,0.7857142857142857,0.5,0.6470588235294118,0.6470588235294118,1.0
2024,0,multimodal,dummy_stratified,0.5333333333333333,0.6956521739130435,0.5333333333333333,0.7201426024955437,0.7272727272727273,0.6666666666666666
2024,1,multimodal,dummy_stratified,0.3916666666666667,0.6086956521739131,0.3916666666666667,0.6653297682709447,0.6363636363636364,0.5833333333333334
2024,2,multimodal,dummy_stratified,0.675,0.782608695652174,0.675,0.7901069518716578,0.8181818181818182,0.75
2024,3,multimodal,dummy_stratified,0.3916666666666667,0.6086956521739131,0.3916666666666667,0.6653297682709447,0.6363636363636364,0.5833333333333334
2024,4,multimodal,dummy_stratified,0.356060606060606,0.5454545454545454,0.356060606060606,0.5916383082158483,0.5454545454545454,0.5454545454545454
2024,0,multimodal,logistic_regression,0.7916666666666667,0.7368421052631579,0.8,0.9335394385026738,1.0,0.5833333333333334
2024,1,multimodal,logistic_regression,0.6,0.8571428571428571,0.8833333333333334,0.9587703962703963,0.75,1.0
2024,2,multimodal,logistic_regression,0.675,0.782608695652174,0.8833333333333333,0.9530525030525031,0.8181818181818182,0.75
2024,3,multimodal,logistic_regression,0.7333333333333334,0.7619047619047619,0.7499999999999999,0.8881597024979377,0.8888888888888888,0.6666666666666666
2024,4,multimodal,logistic_regression,0.7348484848484849,0.7368421052631579,0.7878787878787878,0.8907221566312477,0.875,0.6363636363636364
2024,0,multimodal,random_forest,0.775,0.8181818181818182,0.85,0.9487807943690297,0.9,0.75
2024,1,multimodal,random_forest,0.6,0.8571428571428571,0.8500000000000001,0.9411778036778037,0.75,1.0
2024,2,multimodal,random_forest,0.6583333333333333,0.8461538461538461,0.7999999999999999,0.9194113756613757,0.7857142857142857,0.9166666666666666
2024,3,multimodal,random_forest,0.8583333333333334,0.9166666666666666,0.9500000000000001,0.9790695415695415,0.9166666666666666,0.9166666666666666
2024,4,multimodal,random_forest,0.696969696969697,0.7619047619047619,0.8787878787878788,0.9387380296471207,0.8,0.7272727272727273
2024,0,multimodal,gradient_boosting,0.6166666666666667,0.8,0.6833333333333333,0.8800599318981673,0.7692307692307693,0.8333333333333334
2024,1,multimodal,gradient_boosting,0.6,0.8571428571428571,0.65,0.8513227513227514,0.75,1.0
2024,2,multimodal,gradient_boosting,0.5583333333333333,0.8148148148148148,0.6,0.7550798738298738,0.7333333333333333,0.9166666666666666
2024,3,multimodal,gradient_boosting,0.8583333333333334,0.9166666666666666,0.85,0.9288991101491101,0.9166666666666666,0.9166666666666666
2024,4,multimodal,gradient_boosting,0.7045454545454546,0.8333333333333334,0.7424242424242423,0.8613622488622489,0.7692307692307693,0.9090909090909091
2024,0,multimodal,svm_rbf,0.875,0.8571428571428571,0.9,0.9613858363858364,1.0,0.75
2024,1,multimodal,svm_rbf,0.6,0.8571428571428571,0.8333333333333334,0.9230230417730417,0.75,1.0
2024,2,multimodal,svm_rbf,0.7166666666666667,0.8333333333333334,0.8833333333333333,0.9566239316239317,0.8333333333333334,0.8333333333333334
2024,3,multimodal,svm_rbf,0.8333333333333333,0.8,0.9666666666666667,0.988095238095238,1.0,0.6666666666666666
2024,4,multimodal,svm_rbf,0.8257575757575758,0.8571428571428571,0.8939393939393939,0.9461760461760463,0.9,0.8181818181818182
2024,0,multimodal,mlp_sklearn,0.5333333333333333,0.6956521739130435,0.65,0.8622944797577151,0.7272727272727273,0.6666666666666666
2024,1,multimodal,mlp_sklearn,0.4666666666666667,0.4444444444444444,0.44999999999999996,0.7789211401343755,0.6666666666666666,0.3333333333333333
2024,2,multimodal,mlp_sklearn,0.6583333333333333,0.8461538461538461,0.7499999999999999,0.8881597024979377,0.7857142857142857,0.9166666666666666
2024,3,multimodal,mlp_sklearn,0.5583333333333333,0.8148148148148148,0.7333333333333334,0.872585978835979,0.7333333333333333,0.9166666666666666
2024,4,multimodal,mlp_sklearn,0.5757575757575758,0.75,0.6666666666666667,0.8379623199141916,0.6923076923076923,0.8181818181818182
2025,0,clinical_only,dummy_most_frequent,0.5,0.8275862068965517,0.5,0.7058823529411765,0.7058823529411765,1.0
2025,1,clinical_only,dummy_most_frequent,0.5,0.8275862068965517,0.5,0.7058823529411765,0.7058823529411765,1.0
2025,2,clinical_only,dummy_most_frequent,0.5,0.8275862068965517,0.5,0.7058823529411765,0.7058823529411765,1.0
2025,3,clinical_only,dummy_most_frequent,0.5,0.8275862068965517,0.5,0.7058823529411765,0.7058823529411765,1.0
2025,4,clinical_only,dummy_most_frequent,0.5,0.7857142857142857,0.5,0.6470588235294118,0.6470588235294118,1.0
2025,0,clinical_only,dummy_stratified,0.3916666666666667,0.6086956521739131,0.3916666666666667,0.6653297682709447,0.6363636363636364,0.5833333333333334
2025,1,clinical_only,dummy_stratified,0.3916666666666667,0.6086956521739131,0.3916666666666667,0.6653297682709447,0.6363636363636364,0.5833333333333334
2025,2,clinical_only,dummy_stratified,0.5333333333333333,0.6956521739130435,0.5333333333333333,0.7201426024955437,0.7272727272727273,0.6666666666666666
2025,3,clinical_only,dummy_stratified,0.3916666666666667,0.6086956521739131,0.3916666666666667,0.6653297682709447,0.6363636363636364,0.5833333333333334
2025,4,clinical_only,dummy_stratified,0.356060606060606,0.5454545454545454,0.356060606060606,0.5916383082158483,0.5454545454545454,0.5454545454545454
2025,0,clinical_only,logistic_regression,0.5333333333333333,0.6956521739130435,0.7,0.8807208994708995,0.7272727272727273,0.6666666666666666
2025,1,clinical_only,logistic_regression,0.8166666666666667,0.8695652173913043,0.8166666666666668,0.9210559728942082,0.9090909090909091,0.8333333333333334
2025,2,clinical_only,logistic_regression,0.6166666666666667,0.8,0.7166666666666666,0.849299543049543,0.7692307692307693,0.8333333333333334
2025,3,clinical_only,logistic_regression,0.675,0.782608695652174,0.75,0.912625167588403,0.8181818181818182,0.75
2025,4,clinical_only,logistic_regression,0.8257575757575758,0.8571428571428571,0.8484848484848484,0.9066738816738817,0.9,0.8181818181818182
2025,0,clinical_only,random_forest,0.8583333333333334,0.9166666666666666,0.9500000000000001,0.9790695415695415,0.9166666666666666,0.9166666666666666
2025,1,clinical_only,random_forest,0.6166666666666667,0.8,0.7,0.8498617123617124,0.7692307692307693,0.8333333333333334
2025,2,clinical_only,random_forest,0.5583333333333333,0.8148148148148148,0.5833333333333334,0.7428964553964554,0.7333333333333333,0.9166666666666666
2025,3,clinical_only,random_forest,0.7583333333333333,0.88,0.9166666666666666,0.9652417027417027,0.8461538461538461,0.9166666666666666
2025,4,clinical_only,random_forest,0.7045454545454546,0.8333333333333334,0.8939393939393939,0.9461760461760463,0.7692307692307693,0.9090909090909091
2025,0,clinical_only,gradient_boosting,0.8166666666666667,0.8695652173913043,0.9,0.9559824434824434,0.9090909090909091,0.8333333333333334
2025,1,clinical_only,gradient_boosting,0.5166666666666667,0.7692307692307693,0.6666666666666667,0.8628671709554063,0.7142857142857143,0.8333333333333334
2025,2,clinical_only,gradient_boosting,0.5166666666666667,0.7692307692307693,0.41666666666666663,0.6660551866434219,0.7142857142857143,0.8333333333333334
2025,3,clinical_only,gradient_boosting,0.6333333333333333,0.7272727272727273,0.6166666666666667,0.8284921709554064,0.8,0.6666666666666666
2025,4,clinical_only,gradient_boosting,0.6590909090909092,0.782608695652174,0.7727272727272727,0.8757020757020757,0.75,0.8181818181818182
2025,0,clinical_only,svm_rbf,0.775,0.8181818181818182,0.9,0.960479797979798,0.9,0.75
2025,1,clinical_only,svm_rbf,0.7166666666666667,0.8333333333333334,0.6833333333333333,0.7693824693824693,0.8333333333333334,0.8333333333333334
2025,2,clinical_only,svm_rbf,0.6166666666666667,0.8,0.6499999999999999,0.8246632996632998,0.7692307692307693,0.8333333333333334
2025,3,clinical_only,svm_rbf,0.775,0.8181818181818182,0.9166666666666667,0.9676989676989677,0.9,0.75
2025,4,clinical_only,svm_rbf,0.7878787878787878,0.8695652173913043,0.8333333333333334,0.904632362586908,0.8333333333333334,0.9090909090909091
2025,0,clinical_only,mlp_sklearn,0.5166666666666667,0.7692307692307693,0.8166666666666667,0.9377136752136753,0.7142857142857143,0.8333333333333334
2025,1,clinical_only,mlp_sklearn,0.4166666666666667,0.7407407407407407,0.5833333333333334,0.841205383668619,0.6666666666666666,0.8333333333333334
2025,2,clinical_only,mlp_sklearn,0.43333333333333335,0.6666666666666666,0.3833333333333333,0.7142551348433702,0.6666666666666666,0.6666666666666666
2025,3,clinical_only,mlp_sklearn,0.375,0.6923076923076923,0.4666666666666667,0.7640852815485168,0.6428571428571429,0.75
2025,4,clinical_only,mlp_sklearn,0.4090909090909091,0.6923076923076923,0.7424242424242424,0.8828429443402707,0.6,0.8181818181818182
2025,0,video_only,dummy_most_frequent,0.5,0.8275862068965517,0.5,0.7058823529411765,0.7058823529411765,1.0
2025,1,video_only,dummy_most_frequent,0.5,0.8275862068965517,0.5,0.7058823529411765,0.7058823529411765,1.0
2025,2,video_only,dummy_most_frequent,0.5,0.8275862068965517,0.5,0.7058823529411765,0.7058823529411765,1.0
2025,3,video_only,dummy_most_frequent,0.5,0.8275862068965517,0.5,0.7058823529411765,0.7058823529411765,1.0
2025,4,video_only,dummy_most_frequent,0.5,0.7857142857142857,0.5,0.6470588235294118,0.6470588235294118,1.0
2025,0,video_only,dummy_stratified,0.3916666666666667,0.6086956521739131,0.3916666666666667,0.6653297682709447,0.6363636363636364,0.5833333333333334
2025,1,video_only,dummy_stratified,0.3916666666666667,0.6086956521739131,0.3916666666666667,0.6653297682709447,0.6363636363636364,0.5833333333333334
2025,2,video_only,dummy_stratified,0.5333333333333333,0.6956521739130435,0.5333333333333333,0.7201426024955437,0.7272727272727273,0.6666666666666666
2025,3,video_only,dummy_stratified,0.3916666666666667,0.6086956521739131,0.3916666666666667,0.6653297682709447,0.6363636363636364,0.5833333333333334
2025,4,video_only,dummy_stratified,0.356060606060606,0.5454545454545454,0.356060606060606,0.5916383082158483,0.5454545454545454,0.5454545454545454
2025,0,video_only,logistic_regression,0.7333333333333334,0.7619047619047619,0.8,0.9213594276094277,0.8888888888888888,0.6666666666666666
2025,1,video_only,logistic_regression,0.775,0.8181818181818182,0.8500000000000001,0.9493686868686869,0.9,0.75
2025,2,video_only,logistic_regression,0.875,0.8571428571428571,0.9666666666666668,0.9866452991452991,1.0,0.75
2025,3,video_only,logistic_regression,0.775,0.8181818181818182,0.85,0.9333765771265772,0.9,0.75
2025,4,video_only,logistic_regression,0.7727272727272727,0.7058823529411765,0.7727272727272727,0.8870558734195098,1.0,0.5454545454545454
2025,0,video_only,random_forest,0.775,0.8181818181818182,0.8500000000000001,0.9411778036778037,0.9,0.75
2025,1,video_only,random_forest,0.5166666666666667,0.7692307692307693,0.7333333333333333,0.907493894993895,0.7142857142857143,0.8333333333333334
2025,2,video_only,random_forest,0.8166666666666667,0.8695652173913043,0.9666666666666668,0.9866452991452991,0.9090909090909091,0.8333333333333334
2025,3,video_only,random_forest,0.675,0.782608695652174,0.7666666666666667,0.9038301431683784,0.8181818181818182,0.75
2025,4,video_only,random_forest,0.6136363636363636,0.7272727272727273,0.7878787878787878,0.8983391608391608,0.7272727272727273,0.7272727272727273
2025,0,video_only,gradient_boosting,0.7333333333333334,0.7619047619047619,0.8833333333333333,0.9546037296037296,0.8888888888888888,0.6666666666666666
2025,1,video_only,gradient_boosting,0.5166666666666667,0.7692307692307693,0.7666666666666666,0.9133029008029008,0.7142857142857143,0.8333333333333334
2025,2,video_only,gradient_boosting,0.475,0.72,0.7,0.8908115645247998,0.6923076923076923,0.75
2025,3,video_only,gradient_boosting,0.675,0.782608695652174,0.7333333333333334,0.884003959003959,0.8181818181818182,0.75
2025,4,video_only,gradient_boosting,0.6136363636363636,0.7272727272727273,0.803030303030303,0.8984293484293484,0.7272727272727273,0.7272727272727273
2025,0,video_only,svm_rbf,0.775,0.8181818181818182,0.7666666666666667,0.8832641895141896,0.9,0.75
2025,1,video_only,svm_rbf,0.775,0.8181818181818182,0.8333333333333333,0.9420787545787547,0.9,0.75
2025,2,video_only,svm_rbf,0.8333333333333333,0.8,0.9833333333333334,0.9935897435897435,1.0,0.6666666666666666
2025,3,video_only,svm_rbf,0.775,0.8181818181818182,0.85,0.947420634920635,0.9,0.75
2025,4,video_only,svm_rbf,0.6515151515151515,0.7,0.7878787878787878,0.8983391608391608,0.7777777777777778,0.6363636363636364
2025,0,video_only,mlp_sklearn,0.675,0.782608695652174,0.6833333333333333,0.8546839190221543,0.8181818181818182,0.75
2025,1,video_only,mlp_sklearn,0.7583333333333333,0.88,0.9166666666666667,0.9722222222222222,0.8461538461538461,0.9166666666666666
2025,2,video_only,mlp_sklearn,0.5916666666666667,0.6666666666666666,0.65,0.876039646627882,0.7777777777777778,0.5833333333333334
2025,3,video_only,mlp_sklearn,0.6083333333333334,0.5555555555555556,0.6333333333333333,0.8519286881419235,0.8333333333333334,0.4166666666666667
2025,4,video_only,mlp_sklearn,0.6590909090909092,0.782608695652174,0.6969696969696969,0.8661008480527198,0.75,0.8181818181818182
2025,0,multimodal,dummy_most_frequent,0.5,0.8275862068965517,0.5,0.7058823529411765,0.7058823529411765,1.0
2025,1,multimodal,dummy_most_frequent,0.5,0.8275862068965517,0.5,0.7058823529411765,0.7058823529411765,1.0
2025,2,multimodal,dummy_most_frequent,0.5,0.8275862068965517,0.5,0.7058823529411765,0.7058823529411765,1.0
2025,3,multimodal,dummy_most_frequent,0.5,0.8275862068965517,0.5,0.7058823529411765,0.7058823529411765,1.0
2025,4,multimodal,dummy_most_frequent,0.5,0.7857142857142857,0.5,0.6470588235294118,0.6470588235294118,1.0
2025,0,multimodal,dummy_stratified,0.3916666666666667,0.6086956521739131,0.3916666666666667,0.6653297682709447,0.6363636363636364,0.5833333333333334
2025,1,multimodal,dummy_stratified,0.3916666666666667,0.6086956521739131,0.3916666666666667,0.6653297682709447,0.6363636363636364,0.5833333333333334
2025,2,multimodal,dummy_stratified,0.5333333333333333,0.6956521739130435,0.5333333333333333,0.7201426024955437,0.7272727272727273,0.6666666666666666
2025,3,multimodal,dummy_stratified,0.3916666666666667,0.6086956521739131,0.3916666666666667,0.6653297682709447,0.6363636363636364,0.5833333333333334
2025,4,multimodal,dummy_stratified,0.356060606060606,0.5454545454545454,0.356060606060606,0.5916383082158483,0.5454545454545454,0.5454545454545454
2025,0,multimodal,logistic_regression,0.5916666666666667,0.6666666666666666,0.6666666666666667,0.8661139242021595,0.7777777777777778,0.5833333333333334
2025,1,multimodal,logistic_regression,0.7166666666666667,0.8333333333333334,0.8333333333333333,0.9375013330895684,0.8333333333333334,0.8333333333333334
2025,2,multimodal,logistic_regression,0.7,0.8888888888888888,0.8,0.9197691197691199,0.8,1.0
2025,3,multimodal,logistic_regression,0.7333333333333334,0.7619047619047619,0.7833333333333333,0.9176829570211923,0.8888888888888888,0.6666666666666666
2025,4,multimodal,logistic_regression,0.8257575757575758,0.8571428571428571,0.8787878787878788,0.9441345270890725,0.9,0.8181818181818182
2025,0,multimodal,random_forest,0.8583333333333334,0.9166666666666666,0.95,0.9833333333333333,0.9166666666666666,0.9166666666666666
2025,1,multimodal,random_forest,0.7166666666666667,0.8333333333333334,0.8166666666666667,0.9248057498057499,0.8333333333333334,0.8333333333333334
2025,2,multimodal,random_forest,0.7,0.8888888888888888,0.8833333333333333,0.9455657768157768,0.8,1.0
2025,3,multimodal,random_forest,0.8166666666666667,0.8695652173913043,0.85,0.9288991101491101,0.9090909090909091,0.8333333333333334
2025,4,multimodal,random_forest,0.6136363636363636,0.7272727272727273,0.8636363636363636,0.9368131868131868,0.7272727272727273,0.7272727272727273
2025,0,multimodal,gradient_boosting,0.7166666666666667,0.8333333333333334,0.9,0.9663461538461539,0.8333333333333334,0.8333333333333334
2025,1,multimodal,gradient_boosting,0.5,0.8275862068965517,0.6666666666666667,0.8586313604695958,0.7058823529411765,1.0
2025,2,multimodal,gradient_boosting,0.5166666666666667,0.7692307692307693,0.44999999999999996,0.7251075313575314,0.7142857142857143,0.8333333333333334
2025,3,multimodal,gradient_boosting,0.6166666666666667,0.8,0.775,0.8540975228475228,0.7692307692307693,0.8333333333333334
2025,4,multimodal,gradient_boosting,0.6590909090909092,0.782608695652174,0.7424242424242424,0.8627607241243606,0.75,0.8181818181818182
2025,0,multimodal,svm_rbf,0.875,0.8571428571428571,0.9333333333333333,0.9791666666666666,1.0,0.75
2025,1,multimodal,svm_rbf,0.7166666666666667,0.8333333333333334,0.85,0.9414724164724165,0.8333333333333334,0.8333333333333334
2025,2,multimodal,svm_rbf,0.8,0.9230769230769231,0.8333333333333334,0.9295676545676547,0.8571428571428571,1.0
2025,3,multimodal,svm_rbf,0.775,0.8181818181818182,0.8833333333333333,0.9566239316239317,0.9,0.75
2025,4,multimodal,svm_rbf,0.7878787878787878,0.8695652173913043,0.8636363636363635,0.9372474747474748,0.8333333333333334,0.9090909090909091
2025,0,multimodal,mlp_sklearn,0.8,0.9230769230769231,0.8,0.9072462259962261,0.8571428571428571,1.0
2025,1,multimodal,mlp_sklearn,0.7166666666666667,0.8333333333333334,0.6666666666666667,0.8543201624083977,0.8333333333333334,0.8333333333333334
2025,2,multimodal,mlp_sklearn,0.3666666666666667,0.42105263157894735,0.39999999999999997,0.7303100290232644,0.5714285714285714,0.3333333333333333
2025,3,multimodal,mlp_sklearn,0.5166666666666667,0.7692307692307693,0.8,0.9355596405228759,0.7142857142857143,0.8333333333333334
2025,4,multimodal,mlp_sklearn,0.49242424242424243,0.72,0.7424242424242425,0.8804324760207113,0.6428571428571429,0.8181818181818182
2026,0,clinical_only,dummy_most_frequent,0.5,0.8275862068965517,0.5,0.7058823529411765,0.7058823529411765,1.0
2026,1,clinical_only,dummy_most_frequent,0.5,0.8275862068965517,0.5,0.7058823529411765,0.7058823529411765,1.0
2026,2,clinical_only,dummy_most_frequent,0.5,0.8275862068965517,0.5,0.7058823529411765,0.7058823529411765,1.0
2026,3,clinical_only,dummy_most_frequent,0.5,0.8275862068965517,0.5,0.7058823529411765,0.7058823529411765,1.0
2026,4,clinical_only,dummy_most_frequent,0.5,0.7857142857142857,0.5,0.6470588235294118,0.6470588235294118,1.0
2026,0,clinical_only,dummy_stratified,0.5333333333333333,0.6956521739130435,0.5333333333333333,0.7201426024955437,0.7272727272727273,0.6666666666666666
2026,1,clinical_only,dummy_stratified,0.5333333333333333,0.6956521739130435,0.5333333333333333,0.7201426024955437,0.7272727272727273,0.6666666666666666
2026,2,clinical_only,dummy_stratified,0.3916666666666667,0.6086956521739131,0.3916666666666667,0.6653297682709447,0.6363636363636364,0.5833333333333334
2026,3,clinical_only,dummy_stratified,0.25,0.5217391304347826,0.25,0.625668449197861,0.5454545454545454,0.5
2026,4,clinical_only,dummy_stratified,0.356060606060606,0.5454545454545454,0.356060606060606,0.5916383082158483,0.5454545454545454,0.5454545454545454
2026,0,clinical_only,logistic_regression,0.7166666666666667,0.8333333333333334,0.8666666666666667,0.9462343212343213,0.8333333333333334,0.8333333333333334
2026,1,clinical_only,logistic_regression,0.475,0.72,0.5666666666666667,0.7979039479039479,0.6923076923076923,0.75
2026,2,clinical_only,logistic_regression,0.4166666666666667,0.7407407407407407,0.7166666666666667,0.8933247920380274,0.6666666666666666,0.8333333333333334
2026,3,clinical_only,logistic_regression,0.8166666666666667,0.8695652173913043,0.8833333333333333,0.9501063751063751,0.9090909090909091,0.8333333333333334
2026,4,clinical_only,logistic_regression,0.7272727272727273,0.625,0.7575757575757576,0.8915370280343543,1.0,0.45454545454545453
2026,0,clinical_only,random_forest,0.9,0.96,1.0,0.9999999999999999,0.9230769230769231,1.0
2026,1,clinical_only,random_forest,0.5583333333333333,0.8148148148148148,0.4666666666666667,0.716657647907648,0.7333333333333333,0.9166666666666666
2026,2,clinical_only,random_forest,0.4166666666666667,0.7407407407407407,0.7000000000000001,0.8834855571987925,0.6666666666666666,0.8333333333333334
2026,3,clinical_only,random_forest,0.8,0.9230769230769231,0.95,0.9811507936507936,0.8571428571428571,1.0
2026,4,clinical_only,random_forest,0.8181818181818181,0.7777777777777778,0.8787878787878788,0.9505590666018474,1.0,0.6363636363636364
2026,0,clinical_only,gradient_boosting,0.8583333333333334,0.9166666666666666,0.9166666666666666,0.9754901960784313,0.9166666666666666,0.9166666666666666
2026,1,clinical_only,gradient_boosting,0.475,0.72,0.2833333333333333,0.616176307352778,0.6923076923076923,0.75
2026,2,clinical_only,gradient_boosting,0.475,0.72,0.55,0.8274691199323553,0.6923076923076923,0.75
2026,3,clinical_only,gradient_boosting,0.7,0.8888888888888888,0.9,0.9654761904761905,0.8,1.0
2026,4,clinical_only,gradient_boosting,0.6515151515151515,0.7,0.7272727272727273,0.8713064713064713,0.7777777777777778,0.6363636363636364
2026,0,clinical_only,svm_rbf,0.9583333333333333,0.9565217391304348,0.9833333333333334,0.9935897435897435,1.0,0.9166666666666666
2026,1,clinical_only,svm_rbf,0.5166666666666667,0.7692307692307693,0.36666666666666664,0.6713376900876901,0.7142857142857143,0.8333333333333334
2026,2,clinical_only,svm_rbf,0.8583333333333334,0.9166666666666666,0.7833333333333334,0.8905004173386527,0.9166666666666666,0.9166666666666666
2026,3,clinical_only,svm_rbf,0.7583333333333333,0.88,0.8833333333333333,0.9530525030525031,0.8461538461538461,0.9166666666666666
2026,4,clinical_only,svm_rbf,0.7727272727272727,0.7058823529411765,0.9090909090909091,0.9633264462809917,1.0,0.5454545454545454
2026,0,clinical_only,mlp_sklearn,0.4583333333333333,0.7857142857142857,0.8833333333333334,0.9609699940582294,0.6875,0.9166666666666666
2026,1,clinical_only,mlp_sklearn,0.3333333333333333,0.64,0.41666666666666663,0.7692447054579408,0.6153846153846154,0.6666666666666666
2026,2,clinical_only,mlp_sklearn,0.5583333333333333,0.8148148148148148,0.65,0.8399234480116834,0.7333333333333333,0.9166666666666666
2026,3,clinical_only,mlp_sklearn,0.375,0.6923076923076923,0.5166666666666666,0.7850088024720377,0.6428571428571429,0.75
2026,4,clinical_only,mlp_sklearn,0.44696969696969696,0.6666666666666666,0.48484848484848486,0.7173126116307935,0.6153846153846154,0.7272727272727273
2026,0,video_only,dummy_most_frequent,0.5,0.8275862068965517,0.5,0.7058823529411765,0.7058823529411765,1.0
2026,1,video_only,dummy_most_frequent,0.5,0.8275862068965517,0.5,0.7058823529411765,0.7058823529411765,1.0
2026,2,video_only,dummy_most_frequent,0.5,0.8275862068965517,0.5,0.7058823529411765,0.7058823529411765,1.0
2026,3,video_only,dummy_most_frequent,0.5,0.8275862068965517,0.5,0.7058823529411765,0.7058823529411765,1.0
2026,4,video_only,dummy_most_frequent,0.5,0.7857142857142857,0.5,0.6470588235294118,0.6470588235294118,1.0
2026,0,video_only,dummy_stratified,0.5333333333333333,0.6956521739130435,0.5333333333333333,0.7201426024955437,0.7272727272727273,0.6666666666666666
2026,1,video_only,dummy_stratified,0.5333333333333333,0.6956521739130435,0.5333333333333333,0.7201426024955437,0.7272727272727273,0.6666666666666666
2026,2,video_only,dummy_stratified,0.3916666666666667,0.6086956521739131,0.3916666666666667,0.6653297682709447,0.6363636363636364,0.5833333333333334
2026,3,video_only,dummy_stratified,0.25,0.5217391304347826,0.25,0.625668449197861,0.5454545454545454,0.5
2026,4,video_only,dummy_stratified,0.356060606060606,0.5454545454545454,0.356060606060606,0.5916383082158483,0.5454545454545454,0.5454545454545454
2026,0,video_only,logistic_regression,0.8166666666666667,0.8695652173913043,0.8833333333333333,0.9563131313131313,0.9090909090909091,0.8333333333333334
2026,1,video_only,logistic_regression,0.5916666666666667,0.6666666666666666,0.7333333333333334,0.9013167388167388,0.7777777777777778,0.5833333333333334
2026,2,video_only,logistic_regression,0.575,0.75,0.6333333333333333,0.8314093314093315,0.75,0.75
2026,3,video_only,logistic_regression,0.9166666666666667,0.9090909090909091,0.9333333333333333,0.9791666666666666,1.0,0.8333333333333334
2026,4,video_only,logistic_regression,0.8181818181818181,0.7777777777777778,0.8030303030303031,0.9127886002886002,1.0,0.6363636363636364
2026,0,video_only,random_forest,0.7166666666666667,0.8333333333333334,0.8666666666666667,0.9453444703444703,0.8333333333333334,0.8333333333333334
2026,1,video_only,random_forest,0.4916666666666667,0.6363636363636364,0.5166666666666666,0.8182977357609711,0.7,0.5833333333333334
2026,2,video_only,random_forest,0.475,0.72,0.5666666666666667,0.8171313095945449,0.6923076923076923,0.75
2026,3,video_only,random_forest,0.9583333333333333,0.9565217391304348,0.95,0.9833333333333333,1.0,0.9166666666666666
2026,4,video_only,random_forest,0.8181818181818181,0.7777777777777778,0.8636363636363636,0.9382496291587201,1.0,0.6363636363636364
2026,0,video_only,gradient_boosting,0.6166666666666667,0.8,0.8666666666666667,0.9515873015873015,0.7692307692307693,0.8333333333333334
2026,1,video_only,gradient_boosting,0.3333333333333333,0.64,0.48333333333333334,0.8060502610134964,0.6153846153846154,0.6666666666666666
2026,2,video_only,gradient_boosting,0.4166666666666667,0.7407407407407407,0.4666666666666667,0.7931908981541335,0.6666666666666666,0.8333333333333334
2026,3,video_only,gradient_boosting,0.8583333333333334,0.9166666666666666,0.9833333333333334,0.9935897435897435,0.9166666666666666,0.9166666666666666
2026,4,video_only,gradient_boosting,0.7348484848484849,0.7368421052631579,0.7575757575757576,0.8915084915084915,0.875,0.6363636363636364
2026,0,video_only,svm_rbf,0.775,0.8181818181818182,0.85,0.9349278036778037,0.9,0.75
2026,1,video_only,svm_rbf,0.7333333333333334,0.7619047619047619,0.75,0.9123015873015873,0.8888888888888888,0.6666666666666666
2026,2,video_only,svm_rbf,0.675,0.782608695652174,0.6666666666666666,0.8594292893925247,0.8181818181818182,0.75
2026,3,video_only,svm_rbf,0.9166666666666667,0.9090909090909091,0.9833333333333334,0.9935897435897435,1.0,0.8333333333333334
2026,4,video_only,svm_rbf,0.8181818181818181,0.7777777777777778,0.9393939393939393,0.9757575757575757,1.0,0.6363636363636364
2026,0,video_only,mlp_sklearn,0.7333333333333334,0.7619047619047619,0.6333333333333333,0.8545284032416386,0.8888888888888888,0.6666666666666666
2026,1,video_only,mlp_sklearn,0.775,0.8181818181818182,0.75,0.9173056722689076,0.9,0.75
2026,2,video_only,mlp_sklearn,0.3666666666666667,0.42105263157894735,0.4833333333333334,0.766915090628326,0.5714285714285714,0.3333333333333333
2026,3,video_only,mlp_sklearn,0.6166666666666667,0.8,0.7833333333333333,0.9302177601809956,0.7692307692307693,0.8333333333333334
2026,4,video_only,mlp_sklearn,0.6439393939393939,0.5882352941176471,0.6060606060606061,0.8135913329095147,0.8333333333333334,0.45454545454545453
2026,0,multimodal,dummy_most_frequent,0.5,0.8275862068965517,0.5,0.7058823529411765,0.7058823529411765,1.0
2026,1,multimodal,dummy_most_frequent,0.5,0.8275862068965517,0.5,0.7058823529411765,0.7058823529411765,1.0
2026,2,multimodal,dummy_most_frequent,0.5,0.8275862068965517,0.5,0.7058823529411765,0.7058823529411765,1.0
2026,3,multimodal,dummy_most_frequent,0.5,0.8275862068965517,0.5,0.7058823529411765,0.7058823529411765,1.0
2026,4,multimodal,dummy_most_frequent,0.5,0.7857142857142857,0.5,0.6470588235294118,0.6470588235294118,1.0
2026,0,multimodal,dummy_stratified,0.5333333333333333,0.6956521739130435,0.5333333333333333,0.7201426024955437,0.7272727272727273,0.6666666666666666
2026,1,multimodal,dummy_stratified,0.5333333333333333,0.6956521739130435,0.5333333333333333,0.7201426024955437,0.7272727272727273,0.6666666666666666
2026,2,multimodal,dummy_stratified,0.3916666666666667,0.6086956521739131,0.3916666666666667,0.6653297682709447,0.6363636363636364,0.5833333333333334
2026,3,multimodal,dummy_stratified,0.25,0.5217391304347826,0.25,0.625668449197861,0.5454545454545454,0.5
2026,4,multimodal,dummy_stratified,0.356060606060606,0.5454545454545454,0.356060606060606,0.5916383082158483,0.5454545454545454,0.5454545454545454
2026,0,multimodal,logistic_regression,0.9583333333333333,0.9565217391304348,0.95,0.9833333333333333,1.0,0.9166666666666666
2026,1,multimodal,logistic_regression,0.5166666666666667,0.7692307692307693,0.65,0.8692994505494506,0.7142857142857143,0.8333333333333334
2026,2,multimodal,logistic_regression,0.5166666666666667,0.7692307692307693,0.6333333333333333,0.8370522995522995,0.7142857142857143,0.8333333333333334
2026,3,multimodal,logistic_regression,0.9166666666666667,0.9090909090909091,0.9000000000000001,0.9685457516339869,1.0,0.8333333333333334
2026,4,multimodal,logistic_regression,0.7272727272727273,0.625,0.8939393939393939,0.9542355371900827,1.0,0.45454545454545453
2026,0,multimodal,random_forest,0.8583333333333334,0.9166666666666666,0.9833333333333334,0.9935897435897435,0.9166666666666666,0.9166666666666666
2026,1,multimodal,random_forest,0.375,0.6923076923076923,0.55,0.8200617125249479,0.6428571428571429,0.75
2026,2,multimodal,random_forest,0.6,0.8571428571428571,0.6833333333333333,0.8418320105820106,0.75,1.0
2026,3,multimodal,random_forest,0.8,0.9230769230769231,0.9833333333333334,0.9935897435897435,0.8571428571428571,1.0
2026,4,multimodal,random_forest,0.8181818181818181,0.7777777777777778,0.9090909090909091,0.9679144385026738,1.0,0.6363636363636364
2026,0,multimodal,gradient_boosting,0.9,0.96,0.9666666666666668,0.9866452991452991,0.9230769230769231,1.0
2026,1,multimodal,gradient_boosting,0.375,0.6923076923076923,0.20833333333333331,0.636753361018067,0.6428571428571429,0.75
2026,2,multimodal,gradient_boosting,0.6916666666666667,0.7,0.6083333333333334,0.7880862193362194,0.875,0.5833333333333334
2026,3,multimodal,gradient_boosting,0.5583333333333333,0.8148148148148148,0.8333333333333333,0.9373057498057499,0.7333333333333333,0.9166666666666666
2026,4,multimodal,gradient_boosting,0.6515151515151515,0.7,0.7424242424242424,0.8679768463859374,0.7777777777777778,0.6363636363636364
2026,0,multimodal,svm_rbf,0.9583333333333333,0.9565217391304348,0.9333333333333333,0.9791666666666666,1.0,0.9166666666666666
2026,1,multimodal,svm_rbf,0.475,0.72,0.65,0.8692994505494506,0.6923076923076923,0.75
2026,2,multimodal,svm_rbf,0.7583333333333333,0.88,0.8,0.8924674862174863,0.8461538461538461,0.9166666666666666
2026,3,multimodal,svm_rbf,0.9583333333333333,0.9565217391304348,1.0,0.9999999999999999,1.0,0.9166666666666666
2026,4,multimodal,svm_rbf,0.8181818181818181,0.7777777777777778,1.0,1.0,1.0,0.6363636363636364
2026,0,multimodal,mlp_sklearn,0.6166666666666667,0.8,0.7833333333333333,0.9140694953194953,0.7692307692307693,0.8333333333333334
2026,1,multimodal,mlp_sklearn,0.55,0.6,0.3833333333333333,0.7318813743446096,0.75,0.5
2026,2,multimodal,mlp_sklearn,0.3333333333333333,0.64,0.3833333333333333,0.7114074038706392,0.6153846153846154,0.6666666666666666
2026,3,multimodal,mlp_sklearn,0.6333333333333333,0.7272727272727273,0.6166666666666667,0.8608445408077762,0.8,0.6666666666666666
2026,4,multimodal,mlp_sklearn,0.7803030303030303,0.8,0.803030303030303,0.9210824825798088,0.8888888888888888,0.7272727272727273
