epoch,train_loss,val_loss,seed,fold
0,0.45145283639431,0.42466822266578674,0,0
1,0.4443776160478592,0.41764023900032043,0,0
2,0.4075276777148247,0.4061264395713806,0,0
3,0.4108857810497284,0.39438074827194214,0,0
4,0.36651935428380966,0.38369616866111755,0,0
5,0.36119819432497025,0.3716176152229309,0,0
6,0.3635275140404701,0.36125653982162476,0,0
7,0.33802415430545807,0.35481560230255127,0,0
8,0.32688184827566147,0.34786245226860046,0,0
9,0.3128384053707123,0.34494468569755554,0,0
10,0.3078809008002281,0.3413246273994446,0,0
11,0.3203379958868027,0.33699801564216614,0,0
12,0.30614520609378815,0.33253777027130127,0,0
13,0.2873547002673149,0.32813769578933716,0,0
14,0.29104622453451157,0.3261818289756775,0,0
15,0.30761153995990753,0.3224581480026245,0,0
16,0.2840559184551239,0.31917378306388855,0,0
17,0.2665930353105068,0.3185288608074188,0,0
18,0.23608531430363655,0.31864556670188904,0,0
19,0.2654595337808132,0.31853675842285156,0,0
20,0.26020481809973717,0.3199295997619629,0,0
21,0.21108515933156013,0.31843534111976624,0,0
22,0.2517968900501728,0.3171449601650238,0,0
23,0.28181610628962517,0.3182752728462219,0,0
24,0.24566569179296494,0.31730493903160095,0,0
25,0.22567999362945557,0.3167628347873688,0,0
26,0.22469854727387428,0.3150918483734131,0,0
27,0.19432184100151062,0.3178991973400116,0,0
28,0.20651550590991974,0.3172878623008728,0,0
29,0.1876891478896141,0.31771165132522583,0,0
30,0.23767799511551857,0.31560149788856506,0,0
31,0.18954291194677353,0.31589022278785706,0,0
32,0.18608678504824638,0.3195576071739197,0,0
33,0.15641579031944275,0.3261599540710449,0,0
34,0.16847578063607216,0.32285889983177185,0,0
35,0.1987900324165821,0.3190978169441223,0,0
36,0.1467416137456894,0.32032471895217896,0,0
37,0.20566146075725555,0.32241231203079224,0,0
38,0.13868389651179314,0.3201832175254822,0,0
39,0.17372114211320877,0.32227468490600586,0,0
40,0.15910258144140244,0.3212742209434509,0,0
41,0.15657947584986687,0.3167186677455902,0,0
42,0.13168277777731419,0.31843575835227966,0,0
43,0.14334147609770298,0.3201669156551361,0,0
44,0.13586056232452393,0.32236263155937195,0,0
45,0.10989459790289402,0.3206377923488617,0,0
46,0.12383139878511429,0.31711840629577637,0,0
47,0.1374236550182104,0.32422301173210144,0,0
48,0.14587008766829967,0.334075391292572,0,0
49,0.11534874327480793,0.33806556463241577,0,0
50,0.11962346732616425,0.3366223871707916,0,0
51,0.08628563582897186,0.3336552083492279,0,0
52,0.09987537935376167,0.3265444338321686,0,0
53,0.09926281683146954,0.327721506357193,0,0
54,0.09744018502533436,0.33589375019073486,0,0
55,0.09649587422609329,0.3428369462490082,0,0
56,0.17011604458093643,0.34315580129623413,0,0
0,0.41767312586307526,0.4083479344844818,0,1
1,0.4424763545393944,0.4029468297958374,0,1
2,0.4041318893432617,0.3976631760597229,0,1
3,0.3713380694389343,0.39365658164024353,0,1
4,0.4018711745738983,0.3901478052139282,0,1
5,0.374547116458416,0.38565894961357117,0,1
6,0.3368290401995182,0.38201937079429626,0,1
7,0.3181889057159424,0.37890759110450745,0,1
8,0.34957654029130936,0.37536799907684326,0,1
9,0.32092975825071335,0.37104499340057373,0,1
10,0.296875424683094,0.36783158779144287,0,1
11,0.2911493852734566,0.3678766191005707,0,1
12,0.3022935464978218,0.36720770597457886,0,1
13,0.2916751652956009,0.36827006936073303,0,1
14,0.2870112285017967,0.3674870431423187,0,1
15,0.30999046564102173,0.3663031756877899,0,1
16,0.24393334984779358,0.363038569688797,0,1
17,0.28737518191337585,0.36530598998069763,0,1
18,0.2952968403697014,0.3630348742008209,0,1
19,0.29773692786693573,0.3635003864765167,0,1
20,0.24749615043401718,0.3601212799549103,0,1
21,0.2559889443218708,0.3585011065006256,0,1
22,0.38572947680950165,0.35661596059799194,0,1
23,0.2226252779364586,0.3587692379951477,0,1
24,0.2463451474905014,0.36361899971961975,0,1
25,0.3586789183318615,0.35960498452186584,0,1
26,0.22923481836915016,0.3615852892398834,0,1
27,0.2268741987645626,0.3593688905239105,0,1
28,0.21737337112426758,0.3599563539028168,0,1
29,0.23951637372374535,0.35907241702079773,0,1
30,0.1871306635439396,0.35719600319862366,0,1
31,0.2426810935139656,0.35823413729667664,0,1
32,0.19534965232014656,0.35583335161209106,0,1
33,0.20094924047589302,0.3508542776107788,0,1
34,0.17593201622366905,0.35182860493659973,0,1
35,0.1806989274919033,0.350634902715683,0,1
36,0.20542849600315094,0.34661203622817993,0,1
37,0.17665186896920204,0.34260043501853943,0,1
38,0.17239736765623093,0.34017178416252136,0,1
39,0.14204998314380646,0.33975279331207275,0,1
40,0.16667861863970757,0.33694055676460266,0,1
41,0.15073764696717262,0.33736106753349304,0,1
42,0.1386827528476715,0.33514338731765747,0,1
43,0.14272747933864594,0.33420172333717346,0,1
44,0.14711608737707138,0.3343504071235657,0,1
45,0.14681067317724228,0.33087119460105896,0,1
46,0.1515571717172861,0.3316774368286133,0,1
47,0.12150067649781704,0.3324415683746338,0,1
48,0.13368979841470718,0.33118462562561035,0,1
49,0.13436072319746017,0.3346833288669586,0,1
50,0.1451905146241188,0.33133363723754883,0,1
51,0.15631123632192612,0.33561432361602783,0,1
52,0.10024513490498066,0.33281150460243225,0,1
53,0.11856767162680626,0.33671507239341736,0,1
54,0.13396883942186832,0.33818668127059937,0,1
55,0.10169918090105057,0.3431127369403839,0,1
56,0.11025962419807911,0.34416207671165466,0,1
57,0.10545920208096504,0.3414333462715149,0,1
58,0.10672006756067276,0.3401969075202942,0,1
59,0.07703544944524765,0.337035596370697,0,1
60,0.11270611360669136,0.3393658399581909,0,1
61,0.09851734805852175,0.342074453830719,0,1
62,0.18644069135189056,0.3483631908893585,0,1
63,0.14238128438591957,0.3491613566875458,0,1
64,0.10749227181077003,0.33880120515823364,0,1
65,0.18891058955341578,0.34228387475013733,0,1
66,0.08107620477676392,0.33838218450546265,0,1
67,0.17083725798875093,0.3362995386123657,0,1
68,0.06539318058639765,0.3337341547012329,0,1
69,0.0700228363275528,0.3316439390182495,0,1
70,0.07821356877684593,0.3409787118434906,0,1
71,0.12841130420565605,0.3457827866077423,0,1
72,0.12432190962135792,0.35375943779945374,0,1
73,0.06558619998395443,0.3536156117916107,0,1
74,0.06858604401350021,0.35595712065696716,0,1
75,0.06848561950027943,0.35867103934288025,0,1
0,0.46199028193950653,0.4240885078907013,0,2
1,0.4099804386496544,0.4197816252708435,0,2
2,0.4393865466117859,0.4132639467716217,0,2
3,0.4089827239513397,0.4033125042915344,0,2
4,0.4024481326341629,0.3916186988353729,0,2
5,0.41723065823316574,0.3839004933834076,0,2
6,0.3805898651480675,0.3764166235923767,0,2
7,0.3895551264286041,0.36809447407722473,0,2
8,0.36899466067552567,0.36167246103286743,0,2
9,0.34717123210430145,0.35560691356658936,0,2
10,0.378284327685833,0.34792572259902954,0,2
11,0.339909590780735,0.3404344916343689,0,2
12,0.33851147443056107,0.3310023546218872,0,2
13,0.33689434081315994,0.3259699046611786,0,2
14,0.31894758343696594,0.32106098532676697,0,2
15,0.2950596585869789,0.31558066606521606,0,2
16,0.285567507147789,0.3147035837173462,0,2
17,0.2842634320259094,0.3205488324165344,0,2
18,0.2643781080842018,0.3142675757408142,0,2
19,0.2972536161541939,0.311876505613327,0,2
20,0.31116142868995667,0.31054678559303284,0,2
21,0.28425731137394905,0.3066135346889496,0,2
22,0.37734366208314896,0.29821300506591797,0,2
23,0.3170327879488468,0.2958298921585083,0,2
24,0.28304529935121536,0.2972199320793152,0,2
25,0.254734355956316,0.2987368702888489,0,2
26,0.22930409386754036,0.2943243384361267,0,2
27,0.2632771395146847,0.2890835702419281,0,2
28,0.31426868960261345,0.2866574823856354,0,2
29,0.21559515967965126,0.29103586077690125,0,2
30,0.234456118196249,0.2880891263484955,0,2
31,0.22159619629383087,0.29141557216644287,0,2
32,0.23084595426917076,0.29218098521232605,0,2
33,0.19879202917218208,0.29836997389793396,0,2
34,0.19771547615528107,0.30076444149017334,0,2
35,0.20508386194705963,0.30799221992492676,0,2
36,0.16449082642793655,0.31399011611938477,0,2
37,0.18868806213140488,0.3144615590572357,0,2
38,0.22851694747805595,0.31941571831703186,0,2
39,0.16819482669234276,0.318518728017807,0,2
40,0.1764116920530796,0.3240136206150055,0,2
41,0.16409173607826233,0.32357722520828247,0,2
42,0.1697903573513031,0.33246731758117676,0,2
43,0.1680535152554512,0.3314700722694397,0,2
44,0.15222885459661484,0.33304300904273987,0,2
45,0.18055201694369316,0.3347265124320984,0,2
46,0.17219727113842964,0.35141459107398987,0,2
47,0.17855671048164368,0.3524649739265442,0,2
48,0.19766038097441196,0.34682029485702515,0,2
49,0.1332799568772316,0.349274605512619,0,2
50,0.1743389256298542,0.3487316370010376,0,2
51,0.12567416206002235,0.34721192717552185,0,2
52,0.13242756202816963,0.34969383478164673,0,2
53,0.21004388853907585,0.3659469187259674,0,2
54,0.1438936237245798,0.3761139214038849,0,2
55,0.17969951406121254,0.37719979882240295,0,2
56,0.11210358701646328,0.35978010296821594,0,2
57,0.10659069381654263,0.35622847080230713,0,2
58,0.12975584529340267,0.36288726329803467,0,2
0,0.44058264791965485,0.42142412066459656,0,3
1,0.41448675096035004,0.41520604491233826,0,3
2,0.415121428668499,0.40785840153694153,0,3
3,0.4042966291308403,0.3982459306716919,0,3
4,0.37907134741544724,0.38424384593963623,0,3
5,0.3804819956421852,0.3756275773048401,0,3
6,0.3773392215371132,0.36778756976127625,0,3
7,0.36904725432395935,0.36223897337913513,0,3
8,0.34689973294734955,0.35393163561820984,0,3
9,0.33577214926481247,0.350770503282547,0,3
10,0.33400440961122513,0.34323886036872864,0,3
11,0.3226015344262123,0.3396345376968384,0,3
12,0.29777729511260986,0.3368130922317505,0,3
13,0.30461902916431427,0.3381369709968567,0,3
14,0.30134520679712296,0.3345850706100464,0,3
15,0.26506373286247253,0.3343997597694397,0,3
16,0.29435016959905624,0.3286392390727997,0,3
17,0.2724091336131096,0.32104846835136414,0,3
18,0.27312400937080383,0.31992143392562866,0,3
19,0.26182153448462486,0.3223540484905243,0,3
20,0.2635866031050682,0.3210389316082001,0,3
21,0.33172067254781723,0.31530076265335083,0,3
22,0.2585739828646183,0.3160499036312103,0,3
23,0.26854778826236725,0.32224541902542114,0,3
24,0.2286214679479599,0.32203006744384766,0,3
25,0.24248074740171432,0.3236805498600006,0,3
26,0.2642201595008373,0.32581254839897156,0,3
27,0.2219654582440853,0.333443820476532,0,3
28,0.21773479506373405,0.339889258146286,0,3
29,0.21623990684747696,0.3405795395374298,0,3
30,0.20781464502215385,0.3367559313774109,0,3
31,0.24801091104745865,0.3394114077091217,0,3
32,0.2029918134212494,0.3352285921573639,0,3
33,0.1833106130361557,0.33856427669525146,0,3
34,0.1733049713075161,0.34070178866386414,0,3
35,0.1767977923154831,0.33897319436073303,0,3
36,0.16748042032122612,0.3417143225669861,0,3
37,0.1814696080982685,0.34454524517059326,0,3
38,0.24242719262838364,0.35577258467674255,0,3
39,0.2150970660150051,0.3550850749015808,0,3
40,0.15041909739375114,0.3516949415206909,0,3
41,0.1499885469675064,0.34748032689094543,0,3
42,0.1780358962714672,0.35258400440216064,0,3
43,0.12215884029865265,0.3541055917739868,0,3
44,0.14091204479336739,0.3566526770591736,0,3
45,0.15268978849053383,0.3653499186038971,0,3
46,0.16763969510793686,0.381504625082016,0,3
47,0.1271282620728016,0.393424928188324,0,3
48,0.15617329627275467,0.39554303884506226,0,3
49,0.1372082307934761,0.39459940791130066,0,3
50,0.17674589343369007,0.4040377736091614,0,3
51,0.18736181035637856,0.4153634011745453,0,3
0,0.4009699076414108,0.4088684022426605,0,4
1,0.38681939244270325,0.40367358922958374,0,4
2,0.37643855065107346,0.39703914523124695,0,4
3,0.35464660078287125,0.3890502154827118,0,4
4,0.3721204996109009,0.381194144487381,0,4
5,0.3377284109592438,0.37239161133766174,0,4
6,0.32077615708112717,0.3635019361972809,0,4
7,0.3081853315234184,0.35373538732528687,0,4
8,0.3083367124199867,0.34240418672561646,0,4
9,0.3158532381057739,0.3363892138004303,0,4
10,0.31001369655132294,0.3378274142742157,0,4
11,0.2843420058488846,0.3359535336494446,0,4
12,0.2909397780895233,0.32963383197784424,0,4
13,0.2721138298511505,0.32817530632019043,0,4
14,0.27388353645801544,0.32533904910087585,0,4
15,0.2527746483683586,0.3237391412258148,0,4
16,0.27123183757066727,0.3191273808479309,0,4
17,0.26622894406318665,0.3190215826034546,0,4
18,0.2574436515569687,0.31690654158592224,0,4
19,0.2349877431988716,0.3154217600822449,0,4
20,0.31289017572999,0.3084300756454468,0,4
21,0.2174922563135624,0.30527153611183167,0,4
22,0.23151810094714165,0.30653852224349976,0,4
23,0.21358001604676247,0.30856508016586304,0,4
24,0.20323457196354866,0.31209516525268555,0,4
25,0.2026929147541523,0.30554482340812683,0,4
26,0.21507612615823746,0.3086523115634918,0,4
27,0.1747763454914093,0.308790922164917,0,4
28,0.21691401675343513,0.30940714478492737,0,4
29,0.19664526730775833,0.305988073348999,0,4
30,0.2362089306116104,0.3004671037197113,0,4
31,0.16980907320976257,0.3067673146724701,0,4
32,0.1732877418398857,0.29600873589515686,0,4
33,0.1704435646533966,0.2985658645629883,0,4
34,0.19191862642765045,0.30218932032585144,0,4
35,0.15107742324471474,0.2976146638393402,0,4
36,0.17867222800850868,0.30119508504867554,0,4
37,0.14616252109408379,0.3109426498413086,0,4
38,0.14281705394387245,0.31146669387817383,0,4
39,0.1477597039192915,0.31160295009613037,0,4
40,0.14326850324869156,0.32290926575660706,0,4
41,0.1596303191035986,0.3251207768917084,0,4
42,0.1332477256655693,0.33111846446990967,0,4
43,0.14447528682649136,0.3263978660106659,0,4
44,0.3081897161900997,0.3192416727542877,0,4
45,0.1591821201145649,0.332537978887558,0,4
46,0.19415558874607086,0.3383241891860962,0,4
47,0.10372962802648544,0.34320852160453796,0,4
48,0.13562325574457645,0.33769491314888,0,4
49,0.133956597186625,0.3265208899974823,0,4
50,0.16059930436313152,0.3172365725040436,0,4
51,0.187933636829257,0.32185521721839905,0,4
52,0.1609899252653122,0.32213887572288513,0,4
53,0.13617190346121788,0.32770299911499023,0,4
54,0.10202115029096603,0.3267595171928406,0,4
55,0.12420526891946793,0.3229287266731262,0,4
56,0.1806192249059677,0.3245803117752075,0,4
57,0.08739061653614044,0.3169228136539459,0,4
58,0.1412965152412653,0.3058272898197174,0,4
59,0.1317397952079773,0.3087084889411926,0,4
60,0.08245437033474445,0.3150263726711273,0,4
61,0.08914424944669008,0.3192644715309143,0,4
62,0.14190714061260223,0.33245545625686646,0,4
0,0.4526096060872078,0.39896148443222046,1,0
1,0.396918386220932,0.3856155276298523,1,0
2,0.4239927977323532,0.3716992139816284,1,0
3,0.36671144515275955,0.3543391525745392,1,0
4,0.3957255780696869,0.34002912044525146,1,0
5,0.37885742634534836,0.32523441314697266,1,0
6,0.35561544448137283,0.3138626515865326,1,0
7,0.34218160808086395,0.3050408363342285,1,0
8,0.35590482503175735,0.2977057993412018,1,0
9,0.34362518042325974,0.2871546745300293,1,0
10,0.33209313452243805,0.2832730710506439,1,0
11,0.29014842212200165,0.2828112840652466,1,0
12,0.3069446533918381,0.27801433205604553,1,0
13,0.32260631769895554,0.2731417119503021,1,0
14,0.27025579661130905,0.2701369524002075,1,0
15,0.33216459304094315,0.26550909876823425,1,0
16,0.29136116057634354,0.2601398229598999,1,0
17,0.3058544173836708,0.25792935490608215,1,0
18,0.3204483538866043,0.25261062383651733,1,0
19,0.2964436039328575,0.2490522563457489,1,0
20,0.2826594151556492,0.24330446124076843,1,0
21,0.23275376856327057,0.24086304008960724,1,0
22,0.3842008002102375,0.23816300928592682,1,0
23,0.22485559061169624,0.2381349503993988,1,0
24,0.2913912646472454,0.23709121346473694,1,0
25,0.3432113043963909,0.23406808078289032,1,0
26,0.25724073871970177,0.23428428173065186,1,0
27,0.24537114799022675,0.23205769062042236,1,0
28,0.2377930022776127,0.23433129489421844,1,0
29,0.2660270184278488,0.23250266909599304,1,0
30,0.19979627802968025,0.2345156967639923,1,0
31,0.2560502924025059,0.229744553565979,1,0
32,0.19515059143304825,0.2288166731595993,1,0
33,0.21520112827420235,0.22596554458141327,1,0
34,0.19419710338115692,0.22458651661872864,1,0
35,0.19755522906780243,0.2210197001695633,1,0
36,0.21536415442824364,0.2209901362657547,1,0
37,0.20643185079097748,0.2195397913455963,1,0
38,0.1762881577014923,0.22052744030952454,1,0
39,0.15054569765925407,0.21713413298130035,1,0
40,0.17204808443784714,0.21244332194328308,1,0
41,0.17053529247641563,0.20911206305027008,1,0
42,0.15437289886176586,0.20737002789974213,1,0
43,0.1719246841967106,0.20424066483974457,1,0
44,0.17529893852770329,0.2067212611436844,1,0
45,0.18670988827943802,0.20085307955741882,1,0
46,0.16613369435071945,0.19770435988903046,1,0
47,0.13899637572467327,0.193356454372406,1,0
48,0.1440794449299574,0.19533845782279968,1,0
49,0.15813101455569267,0.1966814398765564,1,0
50,0.17475950345396996,0.19098609685897827,1,0
51,0.16112398356199265,0.1854257732629776,1,0
52,0.134171511977911,0.17797257006168365,1,0
53,0.13858668878674507,0.17675453424453735,1,0
54,0.18268711306154728,0.1766984611749649,1,0
55,0.12268421426415443,0.17769648134708405,1,0
56,0.13076912984251976,0.1800292283296585,1,0
57,0.1416215132921934,0.186151921749115,1,0
58,0.11476225033402443,0.1915699541568756,1,0
59,0.09419256076216698,0.19470328092575073,1,0
60,0.12793433666229248,0.1956377476453781,1,0
61,0.12636453658342361,0.19240787625312805,1,0
62,0.17758841812610626,0.19148054718971252,1,0
63,0.18150701746344566,0.19477145373821259,1,0
64,0.1616002433001995,0.19705139100551605,1,0
65,0.13078023865818977,0.19149886071681976,1,0
66,0.10054725222289562,0.18897061049938202,1,0
67,0.16834235191345215,0.18677739799022675,1,0
68,0.08873146027326584,0.19777795672416687,1,0
69,0.09986595064401627,0.20267628133296967,1,0
70,0.08607638627290726,0.20038622617721558,1,0
71,0.11798001080751419,0.20237770676612854,1,0
72,0.13515707105398178,0.2059607207775116,1,0
73,0.07617029920220375,0.20273396372795105,1,0
74,0.10103076323866844,0.19534613192081451,1,0
75,0.08782973513007164,0.1970677524805069,1,0
76,0.1301939133554697,0.19750124216079712,1,0
77,0.06664732377976179,0.18876180052757263,1,0
78,0.12272834219038486,0.18733422458171844,1,0
79,0.08744093310087919,0.1922752559185028,1,0
80,0.1643214300274849,0.1838637888431549,1,0
81,0.06874002888798714,0.18240001797676086,1,0
82,0.10617711767554283,0.17919129133224487,1,0
83,0.06083851866424084,0.17598524689674377,1,0
84,0.06584383454173803,0.18967482447624207,1,0
85,0.06869104038923979,0.18207956850528717,1,0
86,0.0664064846932888,0.17912140488624573,1,0
87,0.069355932995677,0.17360328137874603,1,0
88,0.07946073450148106,0.18350008130073547,1,0
89,0.0436411714181304,0.1848430037498474,1,0
90,0.079661232419312,0.191398486495018,1,0
91,0.13093983195722103,0.19071003794670105,1,0
92,0.03978512343019247,0.1935206800699234,1,0
93,0.043956450652331114,0.1936897486448288,1,0
94,0.06861764378845692,0.19855114817619324,1,0
95,0.13176578376442194,0.1931012123823166,1,0
96,0.09040795173496008,0.20096006989479065,1,0
97,0.06472847796976566,0.20387451350688934,1,0
98,0.10970503371208906,0.19640126824378967,1,0
99,0.06408234778791666,0.19313129782676697,1,0
100,0.04977908171713352,0.19688990712165833,1,0
101,0.16107115615159273,0.20408549904823303,1,0
102,0.07695710379630327,0.20012590289115906,1,0
103,0.04297595098614693,0.2048657387495041,1,0
104,0.05366289708763361,0.19429108500480652,1,0
105,0.08417520672082901,0.20119594037532806,1,0
106,0.1235524071380496,0.1985941082239151,1,0
107,0.05029675643891096,0.20983201265335083,1,0
108,0.07367065083235502,0.22741486132144928,1,0
109,0.04265072289854288,0.25410470366477966,1,0
110,0.04568996652960777,0.249052956700325,1,0
111,0.03899220796301961,0.2557654082775116,1,0
112,0.07081338297575712,0.261703222990036,1,0
113,0.04291335865855217,0.24312646687030792,1,0
114,0.0342082642018795,0.23040230572223663,1,0
115,0.03518885839730501,0.2184157520532608,1,0
116,0.0735362870618701,0.20636174082756042,1,0
117,0.06968077458441257,0.20935983955860138,1,0
0,0.4897203668951988,0.41486918926239014,1,1
1,0.4096960723400116,0.4089994728565216,1,1
2,0.4134364128112793,0.40133264660835266,1,1
3,0.41365622729063034,0.3946109712123871,1,1
4,0.411305695772171,0.3895774185657501,1,1
5,0.449882335960865,0.3825140595436096,1,1
6,0.38083524256944656,0.3774198889732361,1,1
7,0.3941713199019432,0.37338659167289734,1,1
8,0.36721041053533554,0.36798998713493347,1,1
9,0.3451930582523346,0.3657603859901428,1,1
10,0.3608552888035774,0.3624688386917114,1,1
11,0.34333647787570953,0.35591384768486023,1,1
12,0.3024897277355194,0.3512778580188751,1,1
13,0.3396317735314369,0.351674348115921,1,1
14,0.3115520626306534,0.3491910696029663,1,1
15,0.3071240000426769,0.3463553488254547,1,1
16,0.27808110043406487,0.35156843066215515,1,1
17,0.2994243875145912,0.35196128487586975,1,1
18,0.2745392918586731,0.3522180914878845,1,1
19,0.2903812974691391,0.3537852168083191,1,1
20,0.2849769964814186,0.35579913854599,1,1
21,0.27557164430618286,0.3585044741630554,1,1
22,0.3510119989514351,0.35867011547088623,1,1
23,0.2772420197725296,0.3592686355113983,1,1
24,0.28213608637452126,0.3588879406452179,1,1
25,0.2586284503340721,0.36191728711128235,1,1
26,0.2413838841021061,0.3626376688480377,1,1
27,0.25439443811774254,0.3623097538948059,1,1
28,0.2870566174387932,0.36482539772987366,1,1
29,0.20889665931463242,0.37223559617996216,1,1
30,0.2253212183713913,0.3795001208782196,1,1
31,0.21259397640824318,0.3748575747013092,1,1
32,0.2080840952694416,0.38405391573905945,1,1
33,0.18211325630545616,0.3803878128528595,1,1
34,0.1780453845858574,0.39161670207977295,1,1
35,0.22396736219525337,0.39757880568504333,1,1
36,0.15560295060276985,0.3953333795070648,1,1
37,0.1763037070631981,0.3972800374031067,1,1
38,0.23914463445544243,0.4134916067123413,1,1
39,0.17150747030973434,0.41494905948638916,1,1
40,0.1516872514039278,0.4204205274581909,1,1
41,0.1771337278187275,0.42029067873954773,1,1
42,0.16445836052298546,0.4272950291633606,1,1
43,0.17044097743928432,0.43647992610931396,1,1
44,0.1474698819220066,0.43756651878356934,1,1
45,0.15710811875760555,0.44677188992500305,1,1
0,0.44246452301740646,0.4267229437828064,1,2
1,0.4159589260816574,0.4258022606372833,1,2
2,0.3992400988936424,0.4231114685535431,1,2
3,0.3995620012283325,0.4209062457084656,1,2
4,0.37634509056806564,0.4161929786205292,1,2
5,0.34626924991607666,0.40954169631004333,1,2
6,0.36629435420036316,0.403362900018692,1,2
7,0.3561425879597664,0.40009501576423645,1,2
8,0.34361837804317474,0.3960469365119934,1,2
9,0.3317972347140312,0.3938300311565399,1,2
10,0.3117153011262417,0.39038702845573425,1,2
11,0.30011189728975296,0.38523879647254944,1,2
12,0.3186129480600357,0.38095059990882874,1,2
13,0.2988279014825821,0.3759578764438629,1,2
14,0.327780157327652,0.3741419017314911,1,2
15,0.2936681658029556,0.3691859543323517,1,2
16,0.30249566957354546,0.36652904748916626,1,2
17,0.2629474326968193,0.3620172142982483,1,2
18,0.2863187715411186,0.3598550260066986,1,2
19,0.2691367603838444,0.3583246171474457,1,2
20,0.2639013007283211,0.3580529987812042,1,2
21,0.3248390965163708,0.3539240062236786,1,2
22,0.27125823497772217,0.3513135015964508,1,2
23,0.28189731016755104,0.350269615650177,1,2
24,0.21873456239700317,0.3437632918357849,1,2
25,0.30216601118445396,0.3395005166530609,1,2
26,0.23234760761260986,0.3416968286037445,1,2
27,0.2482655607163906,0.3394419252872467,1,2
28,0.2081540934741497,0.3385973870754242,1,2
29,0.21162088215351105,0.34084054827690125,1,2
30,0.22091044485569,0.33576634526252747,1,2
31,0.24561640620231628,0.33114728331565857,1,2
32,0.22476042062044144,0.33284837007522583,1,2
33,0.22506416216492653,0.3281010389328003,1,2
34,0.18897300958633423,0.3247046172618866,1,2
35,0.19989004358649254,0.3218776285648346,1,2
36,0.16269558668136597,0.3190757930278778,1,2
37,0.2699485719203949,0.31496715545654297,1,2
38,0.23011764883995056,0.3088759779930115,1,2
39,0.22416985407471657,0.30646952986717224,1,2
40,0.16941081918776035,0.3040415942668915,1,2
41,0.1482579968869686,0.30207476019859314,1,2
42,0.16606401652097702,0.29869306087493896,1,2
43,0.13861287385225296,0.2979382276535034,1,2
44,0.17017002776265144,0.29391518235206604,1,2
45,0.1663493514060974,0.2937126159667969,1,2
46,0.14898337982594967,0.29578495025634766,1,2
47,0.1420779936015606,0.29669028520584106,1,2
48,0.17759032174944878,0.29506003856658936,1,2
49,0.1505257710814476,0.29443150758743286,1,2
50,0.19711806997656822,0.29391229152679443,1,2
51,0.20680277049541473,0.29854726791381836,1,2
52,0.18264509737491608,0.2982112765312195,1,2
53,0.15845202654600143,0.29055213928222656,1,2
54,0.1037335591390729,0.2874182462692261,1,2
55,0.11841204389929771,0.28155431151390076,1,2
56,0.1572369486093521,0.27504029870033264,1,2
57,0.10944127663969994,0.27570828795433044,1,2
58,0.13977725431323051,0.27592360973358154,1,2
59,0.14437656104564667,0.26847878098487854,1,2
60,0.1407447438687086,0.2637459933757782,1,2
61,0.13680721260607243,0.2612736225128174,1,2
62,0.13743538036942482,0.26333150267601013,1,2
63,0.13240056112408638,0.2665293514728546,1,2
64,0.13041502609848976,0.2677215337753296,1,2
65,0.09045477397739887,0.26855233311653137,1,2
66,0.14903025701642036,0.2655584216117859,1,2
67,0.09799556620419025,0.26737868785858154,1,2
68,0.10214576777070761,0.2649666965007782,1,2
69,0.09028944931924343,0.2612282335758209,1,2
70,0.11107003502547741,0.2577318847179413,1,2
71,0.11647188290953636,0.25686565041542053,1,2
72,0.08106991555541754,0.25970688462257385,1,2
73,0.07918260525912046,0.2603609561920166,1,2
74,0.07239225879311562,0.2591102123260498,1,2
75,0.08550865203142166,0.2565902769565582,1,2
76,0.07671399414539337,0.2504400312900543,1,2
77,0.07022183295339346,0.25068289041519165,1,2
78,0.06541016232222319,0.24830305576324463,1,2
79,0.10558769758790731,0.247677743434906,1,2
80,0.06151202693581581,0.24850685894489288,1,2
81,0.06172585301101208,0.24345102906227112,1,2
82,0.06513445172458887,0.24485333263874054,1,2
83,0.05349533911794424,0.2451884001493454,1,2
84,0.07658594846725464,0.2430194616317749,1,2
85,0.09029256086796522,0.24092614650726318,1,2
86,0.0635770196095109,0.23753905296325684,1,2
87,0.065173314884305,0.23597893118858337,1,2
88,0.06983074359595776,0.23016972839832306,1,2
89,0.05156167224049568,0.2289525419473648,1,2
90,0.09338036738336086,0.2216861993074417,1,2
91,0.04008789360523224,0.21999160945415497,1,2
92,0.08942417148500681,0.21831268072128296,1,2
93,0.04594271816313267,0.21307405829429626,1,2
94,0.05188954062759876,0.2111014872789383,1,2
95,0.04552083555608988,0.20743323862552643,1,2
96,0.054978339932858944,0.20845802128314972,1,2
97,0.06268408242613077,0.20944787561893463,1,2
98,0.12902782764285803,0.20503941178321838,1,2
99,0.0413221251219511,0.21448273956775665,1,2
100,0.046151937916874886,0.2189364731311798,1,2
101,0.053401343524456024,0.2216736078262329,1,2
102,0.06968043930828571,0.22617605328559875,1,2
103,0.03905886271968484,0.22432437539100647,1,2
104,0.04727622866630554,0.22414784133434296,1,2
105,0.056936437264084816,0.22329239547252655,1,2
106,0.030071420595049858,0.2232639044523239,1,2
107,0.058624597266316414,0.22824278473854065,1,2
108,0.06021358910948038,0.22488418221473694,1,2
109,0.09311110526323318,0.2243005931377411,1,2
110,0.04963192483410239,0.21537652611732483,1,2
111,0.04272974282503128,0.21280793845653534,1,2
112,0.0380572066642344,0.210317924618721,1,2
113,0.03833212936297059,0.209522545337677,1,2
114,0.037584747187793255,0.20520342886447906,1,2
115,0.14119347091764212,0.20906612277030945,1,2
116,0.061464691534638405,0.18565768003463745,1,2
117,0.05968532431870699,0.18462854623794556,1,2
118,0.053762604016810656,0.18241944909095764,1,2
119,0.03524069022387266,0.194411963224411,1,2
120,0.05548870237544179,0.19534248113632202,1,2
121,0.03805393120273948,0.20070703327655792,1,2
122,0.08610496204346418,0.2030901163816452,1,2
123,0.07863423647359014,0.19948561489582062,1,2
124,0.0380688919685781,0.1900128722190857,1,2
125,0.02232289733365178,0.1929440051317215,1,2
126,0.03140354668721557,0.1932206004858017,1,2
127,0.05161422211676836,0.19830386340618134,1,2
128,0.025688257534056902,0.21091029047966003,1,2
129,0.03157709143124521,0.2128637731075287,1,2
130,0.04497276619076729,0.22532141208648682,1,2
131,0.02263793721795082,0.22927184402942657,1,2
132,0.023713715840131044,0.22360485792160034,1,2
133,0.015653348062187433,0.23268868029117584,1,2
134,0.025998848490417004,0.23572711646556854,1,2
135,0.033912769285961986,0.233899787068367,1,2
136,0.07187510002404451,0.23951013386249542,1,2
137,0.03910597739741206,0.23817341029644012,1,2
138,0.039393095998093486,0.2555933892726898,1,2
139,0.03257385827600956,0.25875410437583923,1,2
140,0.03695051418617368,0.2684561014175415,1,2
141,0.03494690824300051,0.26570168137550354,1,2
142,0.022894357098266482,0.26387935876846313,1,2
143,0.04420139314606786,0.2695217430591583,1,2
144,0.03368414659053087,0.27243778109550476,1,2
145,0.03801850648596883,0.27948182821273804,1,2
146,0.02541011106222868,0.26591530442237854,1,2
147,0.026526869274675846,0.2654075622558594,1,2
148,0.01981304748915136,0.25065135955810547,1,2
0,0.44434137642383575,0.42344847321510315,1,3
1,0.4544077068567276,0.41914117336273193,1,3
2,0.3832187280058861,0.41425439715385437,1,3
3,0.40724895149469376,0.4080558121204376,1,3
4,0.3858557194471359,0.40336376428604126,1,3
5,0.36649802327156067,0.3961535096168518,1,3
6,0.3502684235572815,0.3907853066921234,1,3
7,0.3552935719490051,0.3873231112957001,1,3
8,0.3204660266637802,0.3806312680244446,1,3
9,0.32381508499383926,0.3773260712623596,1,3
10,0.3078366816043854,0.3717848062515259,1,3
11,0.3161559924483299,0.37193039059638977,1,3
12,0.27656836062669754,0.3683595061302185,1,3
13,0.3035157769918442,0.3691304624080658,1,3
14,0.31737589091062546,0.3654724061489105,1,3
15,0.3089984208345413,0.3652316927909851,1,3
16,0.28949619084596634,0.3584217429161072,1,3
17,0.28054652363061905,0.3617767095565796,1,3
18,0.2468903809785843,0.36722156405448914,1,3
19,0.23584865406155586,0.3642358183860779,1,3
20,0.2320857234299183,0.36314699053764343,1,3
21,0.25494639202952385,0.36550527811050415,1,3
22,0.24210162460803986,0.363185852766037,1,3
23,0.23883257433772087,0.3684176802635193,1,3
24,0.2267882041633129,0.3657662272453308,1,3
25,0.19504377618432045,0.3671875298023224,1,3
26,0.2970947250723839,0.3637773096561432,1,3
27,0.21879078447818756,0.3761051595211029,1,3
28,0.20283208787441254,0.37759140133857727,1,3
29,0.19795482978224754,0.38120290637016296,1,3
30,0.20201148837804794,0.38022977113723755,1,3
31,0.18068397045135498,0.3845072090625763,1,3
32,0.175550889223814,0.38563141226768494,1,3
33,0.20684253796935081,0.38341885805130005,1,3
34,0.18472594767808914,0.3875860273838043,1,3
35,0.224285539239645,0.386344313621521,1,3
36,0.17202604189515114,0.38085854053497314,1,3
37,0.1667708419263363,0.389362633228302,1,3
38,0.172633558511734,0.38609346747398376,1,3
39,0.15631603449583054,0.3910982012748718,1,3
40,0.13288423418998718,0.38291510939598083,1,3
41,0.18874437361955643,0.3877640962600708,1,3
42,0.24504473432898521,0.38342490792274475,1,3
43,0.13322570361196995,0.38063132762908936,1,3
44,0.1399258505553007,0.3771142065525055,1,3
45,0.15161562711000443,0.3693464994430542,1,3
46,0.12790318951010704,0.35629457235336304,1,3
47,0.1179174929857254,0.35408908128738403,1,3
48,0.10814980044960976,0.3464412987232208,1,3
49,0.19972705841064453,0.3514546751976013,1,3
50,0.12320859916508198,0.3668058514595032,1,3
51,0.17088294960558414,0.3763539493083954,1,3
52,0.10761726275086403,0.37683969736099243,1,3
53,0.125051811337471,0.3717705309391022,1,3
54,0.1546326708048582,0.3737693130970001,1,3
55,0.16325694881379604,0.3545398414134979,1,3
56,0.15192447789013386,0.357217401266098,1,3
57,0.09625220112502575,0.36512476205825806,1,3
58,0.08447756431996822,0.3709733784198761,1,3
59,0.09649149887263775,0.3653288781642914,1,3
60,0.08148989826440811,0.3679034411907196,1,3
61,0.08759989589452744,0.3780459761619568,1,3
62,0.11346182972192764,0.3820531666278839,1,3
63,0.1139405220746994,0.36565735936164856,1,3
64,0.06817742716521025,0.3645864427089691,1,3
65,0.10343870520591736,0.36480513215065,1,3
66,0.12382879666984081,0.35044750571250916,1,3
67,0.06894734594970942,0.35207608342170715,1,3
68,0.11477252282202244,0.3619469106197357,1,3
69,0.1202080212533474,0.354657381772995,1,3
70,0.07194945216178894,0.3712797462940216,1,3
71,0.0805403832346201,0.3765867054462433,1,3
72,0.0828927755355835,0.3844394087791443,1,3
73,0.07881635054945946,0.38178199529647827,1,3
74,0.09856253489851952,0.39632436633110046,1,3
75,0.09506368357688189,0.3711855113506317,1,3
76,0.10596974566578865,0.3866404891014099,1,3
77,0.15749561227858067,0.36563631892204285,1,3
78,0.14652988128364086,0.36300402879714966,1,3
0,0.38049454241991043,0.40821608901023865,1,4
1,0.3836653530597687,0.4017898738384247,1,4
2,0.367922842502594,0.39256399869918823,1,4
3,0.37499144673347473,0.3832898437976837,1,4
4,0.3419351875782013,0.37408843636512756,1,4
5,0.33899418264627457,0.3584986627101898,1,4
6,0.35292718559503555,0.34874776005744934,1,4
7,0.3029695078730583,0.34009602665901184,1,4
8,0.3143106549978256,0.32742488384246826,1,4
9,0.32205285131931305,0.3215484023094177,1,4
10,0.2724950909614563,0.31095704436302185,1,4
11,0.28090059757232666,0.311571329832077,1,4
12,0.2543790340423584,0.30684205889701843,1,4
13,0.2551184482872486,0.30139297246932983,1,4
14,0.24165409058332443,0.29802247881889343,1,4
15,0.2936828061938286,0.28898879885673523,1,4
16,0.24521945416927338,0.28962478041648865,1,4
17,0.22634611651301384,0.2850285768508911,1,4
18,0.21625151485204697,0.2874075770378113,1,4
19,0.23504477366805077,0.2823505997657776,1,4
20,0.22412024438381195,0.2796766459941864,1,4
21,0.22306488454341888,0.2792727053165436,1,4
22,0.2594596706330776,0.2773889899253845,1,4
23,0.23737821727991104,0.2712947130203247,1,4
24,0.18760938942432404,0.27510860562324524,1,4
25,0.21443145722150803,0.27139055728912354,1,4
26,0.2155197374522686,0.26708218455314636,1,4
27,0.1924787536263466,0.26494646072387695,1,4
28,0.1915072165429592,0.2583453059196472,1,4
29,0.15749999321997166,0.2582826316356659,1,4
30,0.18343286588788033,0.25553974509239197,1,4
31,0.15198875963687897,0.2530205249786377,1,4
32,0.1596969347447157,0.2491758018732071,1,4
33,0.1394373495131731,0.254866361618042,1,4
34,0.1449032761156559,0.25110548734664917,1,4
35,0.13078725896775723,0.25248435139656067,1,4
36,0.17044261656701565,0.24808646738529205,1,4
37,0.1482359729707241,0.24916984140872955,1,4
38,0.11525619775056839,0.2428530901670456,1,4
39,0.11832430213689804,0.24410992860794067,1,4
40,0.1366189643740654,0.24318508803844452,1,4
41,0.143003948032856,0.2410135269165039,1,4
42,0.11003446392714977,0.24070192873477936,1,4
43,0.11395756714046001,0.24166449904441833,1,4
44,0.13439225032925606,0.24545049667358398,1,4
45,0.1128070168197155,0.24703748524188995,1,4
46,0.09114843979477882,0.2516428530216217,1,4
47,0.1499308031052351,0.2488255649805069,1,4
48,0.09841370582580566,0.2551228404045105,1,4
49,0.08900794014334679,0.2583730220794678,1,4
50,0.10899942927062511,0.26148515939712524,1,4
51,0.16631381958723068,0.2564231753349304,1,4
52,0.09701697714626789,0.257368266582489,1,4
53,0.08313382603228092,0.25915437936782837,1,4
54,0.079013641923666,0.253185510635376,1,4
55,0.07908888719975948,0.25390589237213135,1,4
56,0.05783763248473406,0.2590201199054718,1,4
57,0.18536630645394325,0.2616373300552368,1,4
58,0.08663219213485718,0.2722413241863251,1,4
59,0.08300491981208324,0.2709577977657318,1,4
60,0.07829627767205238,0.2649875283241272,1,4
61,0.14200916700065136,0.26960301399230957,1,4
62,0.08233030512928963,0.267001748085022,1,4
63,0.07434696331620216,0.26726973056793213,1,4
64,0.07444765232503414,0.2703934907913208,1,4
65,0.06956908851861954,0.2791634500026703,1,4
66,0.06721899844706059,0.28304359316825867,1,4
67,0.060342260636389256,0.28627777099609375,1,4
68,0.07450415007770061,0.2873786985874176,1,4
69,0.12624812591820955,0.29370370507240295,1,4
70,0.05699337553232908,0.2824938893318176,1,4
71,0.06214802712202072,0.27662762999534607,1,4
72,0.10885791387408972,0.27562734484672546,1,4
0,0.449252225458622,0.4189046621322632,2,0
1,0.407317079603672,0.41655877232551575,2,0
2,0.42365530878305435,0.41199809312820435,2,0
3,0.4026489108800888,0.4096631109714508,2,0
4,0.38786423951387405,0.40865233540534973,2,0
5,0.4160942807793617,0.40629470348358154,2,0
6,0.3873695805668831,0.4010975956916809,2,0
7,0.3625694513320923,0.3992665410041809,2,0
8,0.3620370179414749,0.3973802328109741,2,0
9,0.33939967304468155,0.3972090780735016,2,0
10,0.3617405593395233,0.39242255687713623,2,0
11,0.3222813084721565,0.38907352089881897,2,0
12,0.2853213846683502,0.392950177192688,2,0
13,0.32910141348838806,0.3951672613620758,2,0
14,0.316367719322443,0.3934023976325989,2,0
15,0.31435737758874893,0.38923442363739014,2,0
16,0.2844393327832222,0.38999566435813904,2,0
17,0.2760043069720268,0.39421698451042175,2,0
18,0.2720854580402374,0.39091724157333374,2,0
19,0.2613973654806614,0.39913949370384216,2,0
20,0.2555246613919735,0.40171071887016296,2,0
21,0.25158750638365746,0.4015355706214905,2,0
22,0.3582766726613045,0.40047886967658997,2,0
23,0.26272521913051605,0.40496256947517395,2,0
24,0.2723162956535816,0.4149033725261688,2,0
25,0.2240002416074276,0.4201519191265106,2,0
26,0.2067631557583809,0.41819387674331665,2,0
27,0.26615947112441063,0.41480153799057007,2,0
28,0.2637402042746544,0.4167651832103729,2,0
29,0.1809520609676838,0.42182019352912903,2,0
30,0.21233952417969704,0.4236164391040802,2,0
31,0.20054709166288376,0.4186221659183502,2,0
32,0.18318529427051544,0.4260557293891907,2,0
33,0.16340690292418003,0.4329760670661926,2,0
34,0.1680208332836628,0.4446592330932617,2,0
35,0.21508797258138657,0.45744016766548157,2,0
36,0.1450786292552948,0.45557814836502075,2,0
37,0.16523347049951553,0.4485493004322052,2,0
38,0.234604824334383,0.4734443426132202,2,0
39,0.15430941805243492,0.47862088680267334,2,0
40,0.15271926671266556,0.4891241788864136,2,0
41,0.1424790471792221,0.48441529273986816,2,0
0,0.45197635889053345,0.4178233742713928,2,1
1,0.4256964325904846,0.412067711353302,2,1
2,0.4094822108745575,0.406398206949234,2,1
3,0.38208600133657455,0.3971312642097473,2,1
4,0.3801032453775406,0.38872841000556946,2,1
5,0.37635160237550735,0.38144513964653015,2,1
6,0.4141717106103897,0.3733029067516327,2,1
7,0.3562697768211365,0.368557870388031,2,1
8,0.35984961688518524,0.36656391620635986,2,1
9,0.32352618128061295,0.364000141620636,2,1
10,0.32035090029239655,0.35917359590530396,2,1
11,0.32255199551582336,0.3552260100841522,2,1
12,0.3002927005290985,0.3549432158470154,2,1
13,0.3049905076622963,0.34953245520591736,2,1
14,0.2904144637286663,0.34669992327690125,2,1
15,0.2917569428682327,0.3435061573982239,2,1
16,0.29058967158198357,0.33812060952186584,2,1
17,0.2630498334765434,0.3347513973712921,2,1
18,0.24707071855664253,0.3308885097503662,2,1
19,0.2538697272539139,0.3297397494316101,2,1
20,0.2702615447342396,0.3308493196964264,2,1
21,0.3238818123936653,0.32871419191360474,2,1
22,0.2897540330886841,0.32927900552749634,2,1
23,0.2852496951818466,0.3255859911441803,2,1
24,0.21753958240151405,0.32494544982910156,2,1
25,0.2452624924480915,0.32567721605300903,2,1
26,0.23908905312418938,0.3285002112388611,2,1
27,0.22040485218167305,0.3281887173652649,2,1
28,0.2185724340379238,0.3273584842681885,2,1
29,0.18817303702235222,0.32773056626319885,2,1
30,0.21290720626711845,0.3286551237106323,2,1
31,0.27571868151426315,0.3268709182739258,2,1
32,0.198246318846941,0.32132697105407715,2,1
33,0.21854253113269806,0.32125377655029297,2,1
34,0.1813783161342144,0.3221767544746399,2,1
35,0.1874026544392109,0.32103079557418823,2,1
36,0.15532947331666946,0.32228147983551025,2,1
37,0.21661538258194923,0.32291746139526367,2,1
38,0.22183497622609138,0.3268154263496399,2,1
39,0.21903424337506294,0.32447537779808044,2,1
40,0.15612652525305748,0.32282838225364685,2,1
41,0.15408382564783096,0.3221977651119232,2,1
42,0.1682513765990734,0.3206123113632202,2,1
43,0.1414788756519556,0.3150096833705902,2,1
44,0.15166551992297173,0.3094819486141205,2,1
45,0.17097026482224464,0.3099740743637085,2,1
46,0.14984866045415401,0.31158214807510376,2,1
47,0.1406386997550726,0.3095618486404419,2,1
48,0.1415342055261135,0.3147054612636566,2,1
49,0.13871360197663307,0.3144761621952057,2,1
50,0.14746889099478722,0.31503570079803467,2,1
51,0.22723816893994808,0.31923961639404297,2,1
52,0.15154392272233963,0.31871768832206726,2,1
53,0.14410044997930527,0.3211243152618408,2,1
54,0.11205611191689968,0.31571444869041443,2,1
55,0.09787392430007458,0.3197784125804901,2,1
56,0.131550969555974,0.3169601559638977,2,1
57,0.08504776656627655,0.3163082003593445,2,1
58,0.13633453845977783,0.31249943375587463,2,1
59,0.1282523348927498,0.31524285674095154,2,1
60,0.13164851255714893,0.3314598798751831,2,1
61,0.1403500698506832,0.3341127336025238,2,1
62,0.129556056112051,0.33998948335647583,2,1
63,0.1003586445003748,0.3387318551540375,2,1
64,0.10590933635830879,0.3333107531070709,2,1
65,0.08801680989563465,0.34006282687187195,2,1
66,0.12828710116446018,0.337246835231781,2,1
67,0.0914602605625987,0.3293279707431793,2,1
68,0.08244592882692814,0.3285737931728363,2,1
69,0.10217239800840616,0.328255832195282,2,1
70,0.11122940480709076,0.3267058730125427,2,1
71,0.09968657046556473,0.32831305265426636,2,1
72,0.08822193369269371,0.3252449035644531,2,1
73,0.09514804650098085,0.32885274291038513,2,1
74,0.08945340383797884,0.32965609431266785,2,1
0,0.4308943673968315,0.4238479733467102,2,2
1,0.4490203410387039,0.41539767384529114,2,2
2,0.40240100771188736,0.40744659304618835,2,2
3,0.426365427672863,0.39764654636383057,2,2
4,0.3940281346440315,0.38942140340805054,2,2
5,0.3978031128644943,0.3806711733341217,2,2
6,0.3620876520872116,0.37083199620246887,2,2
7,0.3935682401061058,0.36086317896842957,2,2
8,0.34961023926734924,0.35255494713783264,2,2
9,0.3558958023786545,0.34320053458213806,2,2
10,0.3281092494726181,0.33573704957962036,2,2
11,0.3405366986989975,0.32907021045684814,2,2
12,0.3019072562456131,0.32642802596092224,2,2
13,0.3301374837756157,0.3229653239250183,2,2
14,0.305588960647583,0.3128550052642822,2,2
15,0.3619135394692421,0.3085014224052429,2,2
16,0.3096984326839447,0.3066924512386322,2,2
17,0.2922402620315552,0.3034626543521881,2,2
18,0.2996729426085949,0.3033688962459564,2,2
19,0.27139463648200035,0.30001556873321533,2,2
20,0.267582755535841,0.3000350892543793,2,2
21,0.2664654850959778,0.29655301570892334,2,2
22,0.29430732503533363,0.2975960671901703,2,2
23,0.2587534077465534,0.2990931272506714,2,2
24,0.29826952517032623,0.2978519797325134,2,2
25,0.21889498457312584,0.29876405000686646,2,2
26,0.313224121928215,0.2954288423061371,2,2
27,0.23455531150102615,0.2925776541233063,2,2
28,0.2503971680998802,0.2908709943294525,2,2
29,0.2356654368340969,0.28912124037742615,2,2
30,0.23966221511363983,0.2844694256782532,2,2
31,0.2040713131427765,0.2790948450565338,2,2
32,0.2075311355292797,0.2772531509399414,2,2
33,0.23215734213590622,0.27772098779678345,2,2
34,0.19605877995491028,0.2690238952636719,2,2
35,0.2672617882490158,0.26746413111686707,2,2
36,0.1977534294128418,0.2644954323768616,2,2
37,0.1701565571129322,0.26091763377189636,2,2
38,0.19951937347650528,0.25968119502067566,2,2
39,0.17241960018873215,0.2599518299102783,2,2
40,0.1662418097257614,0.2603781819343567,2,2
41,0.21812325343489647,0.25995156168937683,2,2
42,0.24314755573868752,0.25844985246658325,2,2
43,0.18267619237303734,0.2576451897621155,2,2
44,0.16954831406474113,0.2614457607269287,2,2
45,0.18697048351168633,0.2547708749771118,2,2
46,0.17440466955304146,0.2439444661140442,2,2
47,0.13698456063866615,0.23946040868759155,2,2
48,0.13578821532428265,0.23667819797992706,2,2
49,0.1845201440155506,0.2279735803604126,2,2
50,0.1521625518798828,0.22906264662742615,2,2
51,0.19102535769343376,0.23303282260894775,2,2
52,0.13331500627100468,0.23754696547985077,2,2
53,0.12975602969527245,0.23451220989227295,2,2
54,0.17480787448585033,0.23767121136188507,2,2
55,0.23615555465221405,0.2403765469789505,2,2
56,0.1613791435956955,0.2267640382051468,2,2
57,0.12857048772275448,0.2170906811952591,2,2
58,0.10756973549723625,0.2175137996673584,2,2
59,0.14025339297950268,0.21371954679489136,2,2
60,0.09993785619735718,0.20818914473056793,2,2
61,0.11298752203583717,0.20318226516246796,2,2
62,0.11920669488608837,0.20252767205238342,2,2
63,0.12414779141545296,0.20239128172397614,2,2
64,0.09191031008958817,0.19913317263126373,2,2
65,0.12901120260357857,0.1922776848077774,2,2
66,0.17207585461437702,0.18883191049098969,2,2
67,0.08412651903927326,0.18960824608802795,2,2
68,0.09918839298188686,0.1859746128320694,2,2
69,0.13984847627580166,0.189456507563591,2,2
70,0.11807749047875404,0.19260293245315552,2,2
71,0.1049676239490509,0.18715588748455048,2,2
72,0.07443008944392204,0.1916368305683136,2,2
73,0.11369334533810616,0.19562675058841705,2,2
74,0.10778302140533924,0.19596225023269653,2,2
75,0.12627824023365974,0.19842217862606049,2,2
76,0.12172225024551153,0.19001032412052155,2,2
77,0.12669055350124836,0.19564944505691528,2,2
78,0.15563209541141987,0.18567845225334167,2,2
79,0.08420867566019297,0.19004563987255096,2,2
80,0.06508427672088146,0.1990388184785843,2,2
81,0.10472838953137398,0.19987359642982483,2,2
82,0.0631915032863617,0.1984967589378357,2,2
83,0.17585991229861975,0.2003728747367859,2,2
84,0.07575288508087397,0.2154732197523117,2,2
85,0.07306683715432882,0.2210536003112793,2,2
86,0.0754677951335907,0.2320050299167633,2,2
87,0.05513347126543522,0.22964417934417725,2,2
88,0.11646291892975569,0.23138360679149628,2,2
89,0.07298794109374285,0.23961731791496277,2,2
90,0.09230411052703857,0.23898541927337646,2,2
91,0.055547875352203846,0.23902010917663574,2,2
92,0.05374890845268965,0.22226306796073914,2,2
93,0.08896687906235456,0.21243256330490112,2,2
94,0.057768046855926514,0.21632768213748932,2,2
95,0.052116455510258675,0.20836977660655975,2,2
96,0.09530328400433064,0.21073515713214874,2,2
97,0.07204512134194374,0.2149610072374344,2,2
98,0.1499112155288458,0.22126396000385284,2,2
99,0.06234291195869446,0.2228926569223404,2,2
100,0.042888255789875984,0.2246594876050949,2,2
101,0.10363773070275784,0.24002505838871002,2,2
102,0.051552655175328255,0.2523743808269501,2,2
103,0.043544333428144455,0.25734958052635193,2,2
104,0.0988456504419446,0.26317089796066284,2,2
105,0.07495498843491077,0.24110957980155945,2,2
106,0.09844546252861619,0.20257516205310822,2,2
107,0.07836906053125858,0.1937752217054367,2,2
108,0.06337515078485012,0.19771447777748108,2,2
0,0.416495218873024,0.4165116548538208,2,3
1,0.38232938945293427,0.4078693687915802,2,3
2,0.4150102436542511,0.3937888741493225,2,3
3,0.38478121906518936,0.37909549474716187,2,3
4,0.34292443841695786,0.3626103699207306,2,3
5,0.3394550681114197,0.34680280089378357,2,3
6,0.34275349974632263,0.3277723491191864,2,3
7,0.3433602973818779,0.3132268488407135,2,3
8,0.3258913457393646,0.29919639229774475,2,3
9,0.31476107239723206,0.2898726463317871,2,3
10,0.30465592443943024,0.2787405252456665,2,3
11,0.3240232616662979,0.27291616797447205,2,3
12,0.31356437504291534,0.26786983013153076,2,3
13,0.27208614349365234,0.26724058389663696,2,3
14,0.2732534147799015,0.2586837410926819,2,3
15,0.28000470995903015,0.2547946572303772,2,3
16,0.2902030609548092,0.25081759691238403,2,3
17,0.2874962165951729,0.24741291999816895,2,3
18,0.23064327239990234,0.2452852874994278,2,3
19,0.27640965580940247,0.23862752318382263,2,3
20,0.24684366583824158,0.23580150306224823,2,3
21,0.25118274614214897,0.23029547929763794,2,3
22,0.2257622331380844,0.22738632559776306,2,3
23,0.2194754183292389,0.22019612789154053,2,3
24,0.20574546232819557,0.21783626079559326,2,3
25,0.21246902644634247,0.21460366249084473,2,3
26,0.2111656814813614,0.21319839358329773,2,3
27,0.1915493756532669,0.21339386701583862,2,3
28,0.2162332609295845,0.21102848649024963,2,3
29,0.18840180337429047,0.2112889140844345,2,3
30,0.2024247758090496,0.21014156937599182,2,3
31,0.2074480652809143,0.20741255581378937,2,3
32,0.1857050210237503,0.21298982203006744,2,3
33,0.15962136909365654,0.21970096230506897,2,3
34,0.18080534413456917,0.21761764585971832,2,3
35,0.20262107253074646,0.21745853126049042,2,3
36,0.1770050935447216,0.21195556223392487,2,3
37,0.1614464968442917,0.20957957208156586,2,3
38,0.136950658634305,0.20978666841983795,2,3
39,0.13960718922317028,0.20938493311405182,2,3
40,0.15132352150976658,0.21064379811286926,2,3
41,0.15103057958185673,0.21122194826602936,2,3
42,0.20012179389595985,0.2120629847049713,2,3
43,0.1760588325560093,0.21680429577827454,2,3
44,0.13069703057408333,0.21452170610427856,2,3
45,0.11122443340718746,0.2113267034292221,2,3
46,0.10798713751137257,0.21192973852157593,2,3
47,0.12255982868373394,0.21311132609844208,2,3
48,0.11506269127130508,0.21566447615623474,2,3
49,0.17609836719930172,0.21515075862407684,2,3
50,0.08774171583354473,0.21957723796367645,2,3
51,0.08517838828265667,0.22361978888511658,2,3
52,0.1031451765447855,0.22372260689735413,2,3
53,0.13229562621563673,0.2259962111711502,2,3
54,0.09494097530841827,0.2268684059381485,2,3
55,0.10665266774594784,0.22993537783622742,2,3
56,0.08158928528428078,0.2374187409877777,2,3
57,0.1128832995891571,0.2407068908214569,2,3
58,0.09542622603476048,0.2454264611005783,2,3
59,0.07056425884366035,0.25120532512664795,2,3
60,0.08699440956115723,0.24841149151325226,2,3
61,0.06455626897513866,0.2502157986164093,2,3
0,0.40053173899650574,0.4028061628341675,2,4
1,0.36019885540008545,0.4026027023792267,2,4
2,0.3576764762401581,0.40366998314857483,2,4
3,0.36043940484523773,0.4043227732181549,2,4
4,0.37527577579021454,0.40660560131073,2,4
5,0.31446898728609085,0.4088800847530365,2,4
6,0.2960979789495468,0.4131854474544525,2,4
7,0.29859620705246925,0.4190758466720581,2,4
8,0.32426348328590393,0.4243563413619995,2,4
9,0.2844059467315674,0.42562586069107056,2,4
10,0.26871199905872345,0.4286034107208252,2,4
11,0.2693362236022949,0.43697890639305115,2,4
12,0.2850539907813072,0.4386190176010132,2,4
13,0.31106074154376984,0.4475015103816986,2,4
14,0.2687821611762047,0.45221471786499023,2,4
15,0.23891345784068108,0.45498716831207275,2,4
16,0.278310839086771,0.4673359990119934,2,4
17,0.2710116244852543,0.47901177406311035,2,4
18,0.2572765648365021,0.49026578664779663,2,4
19,0.21810835227370262,0.49664151668548584,2,4
20,0.20894449949264526,0.5066322088241577,2,4
21,0.20692691951990128,0.5180414915084839,2,4
22,0.21292680129408836,0.5240899920463562,2,4
23,0.19674596562981606,0.5410435199737549,2,4
24,0.23050901666283607,0.5539489984512329,2,4
25,0.20766407623887062,0.5756344199180603,2,4
26,0.17328497022390366,0.5812405943870544,2,4
27,0.17949095740914345,0.5857254266738892,2,4
28,0.17456290870904922,0.5919807553291321,2,4
29,0.16623154282569885,0.6001796126365662,2,4
30,0.19143284112215042,0.6151628494262695,2,4
31,0.15694543719291687,0.6299576163291931,2,4
0,0.4238915517926216,0.4380931258201599,3,0
1,0.4159412905573845,0.43766918778419495,3,0
2,0.43381306529045105,0.436573326587677,3,0
3,0.4004492163658142,0.4324224889278412,3,0
4,0.372578889131546,0.427593857049942,3,0
5,0.3732517436146736,0.4210211932659149,3,0
6,0.41810671985149384,0.4117538034915924,3,0
7,0.3733713701367378,0.40664947032928467,3,0
8,0.36911799013614655,0.4006035625934601,3,0
9,0.3440154939889908,0.3903904855251312,3,0
10,0.3329561874270439,0.3821662664413452,3,0
11,0.3738712891936302,0.3765209913253784,3,0
12,0.316805899143219,0.3747987151145935,3,0
13,0.3027525544166565,0.3712497651576996,3,0
14,0.31655583530664444,0.36627620458602905,3,0
15,0.29756858944892883,0.36250993609428406,3,0
16,0.3210599049925804,0.35653144121170044,3,0
17,0.28943779319524765,0.3525523841381073,3,0
18,0.2850680872797966,0.3534138798713684,3,0
19,0.2552088461816311,0.35312971472740173,3,0
20,0.27214883640408516,0.3508700132369995,3,0
21,0.34067052602767944,0.3511814475059509,3,0
22,0.2832030802965164,0.34957772493362427,3,0
23,0.2738286554813385,0.3476192057132721,3,0
24,0.24420258402824402,0.3487682640552521,3,0
25,0.25973450392484665,0.3474215269088745,3,0
26,0.2541656605899334,0.3507027328014374,3,0
27,0.23756861686706543,0.3525044023990631,3,0
28,0.23446984589099884,0.3504720628261566,3,0
29,0.2008826844394207,0.3531111478805542,3,0
30,0.21083035320043564,0.3546360433101654,3,0
31,0.31104496866464615,0.3556996285915375,3,0
32,0.2162640355527401,0.35233137011528015,3,0
33,0.23693297803401947,0.36244210600852966,3,0
34,0.1866326741874218,0.3584013283252716,3,0
35,0.17824621871113777,0.354804128408432,3,0
36,0.20339270308613777,0.35808065533638,3,0
37,0.22030862793326378,0.3566645085811615,3,0
38,0.24969596415758133,0.36424362659454346,3,0
39,0.22164029628038406,0.3622201085090637,3,0
40,0.15767957642674446,0.36687999963760376,3,0
41,0.1634153015911579,0.3660125136375427,3,0
42,0.1777149811387062,0.3635784089565277,3,0
43,0.15273330733180046,0.3649299740791321,3,0
44,0.1603940837085247,0.3695666193962097,3,0
45,0.18762019276618958,0.3746296763420105,3,0
46,0.16700515896081924,0.37750163674354553,3,0
47,0.15498631447553635,0.3746564984321594,3,0
48,0.1798240803182125,0.37394458055496216,3,0
49,0.17437053844332695,0.36948850750923157,3,0
50,0.20237497240304947,0.36633241176605225,3,0
51,0.22603968158364296,0.3689879775047302,3,0
52,0.1758524440228939,0.37095412611961365,3,0
53,0.19710662215948105,0.3716464638710022,3,0
54,0.13609660416841507,0.3673865497112274,3,0
55,0.12619654648005962,0.3678726553916931,3,0
0,0.46379081159830093,0.4103816747665405,3,1
1,0.453421950340271,0.3991653621196747,3,1
2,0.3983224704861641,0.38344475626945496,3,1
3,0.41194576025009155,0.3663345277309418,3,1
4,0.39209888130426407,0.34978944063186646,3,1
5,0.41456443071365356,0.33344408869743347,3,1
6,0.35273846983909607,0.3263649344444275,3,1
7,0.3828190043568611,0.31603509187698364,3,1
8,0.3554919809103012,0.30901384353637695,3,1
9,0.34458427876234055,0.2977849245071411,3,1
10,0.38247672468423843,0.29072171449661255,3,1
11,0.33901306986808777,0.2834433317184448,3,1
12,0.3062201961874962,0.27932241559028625,3,1
13,0.30885443836450577,0.2750385105609894,3,1
14,0.30805349349975586,0.2653124928474426,3,1
15,0.3404565751552582,0.2623090445995331,3,1
16,0.2965450882911682,0.2577444911003113,3,1
17,0.2720365412533283,0.25420019030570984,3,1
18,0.2785502001643181,0.25212201476097107,3,1
19,0.2567388340830803,0.2488962560892105,3,1
20,0.27899231016635895,0.24476858973503113,3,1
21,0.24298008531332016,0.23803558945655823,3,1
22,0.28681350499391556,0.23291532695293427,3,1
23,0.26607780158519745,0.23323190212249756,3,1
24,0.24997734650969505,0.2326187789440155,3,1
25,0.21048853360116482,0.23113973438739777,3,1
26,0.25618910789489746,0.22733493149280548,3,1
27,0.21548832207918167,0.2273583561182022,3,1
28,0.19897407293319702,0.22053296864032745,3,1
29,0.21374543756246567,0.2164587378501892,3,1
30,0.19081593677401543,0.21740905940532684,3,1
31,0.20625808835029602,0.21341069042682648,3,1
32,0.20149868726730347,0.2080961912870407,3,1
33,0.19418606534600258,0.20193623006343842,3,1
34,0.1764216013252735,0.20294363796710968,3,1
35,0.23789316788315773,0.2037518322467804,3,1
36,0.16875449195504189,0.20833580195903778,3,1
37,0.15830343589186668,0.20899783074855804,3,1
38,0.16295689716935158,0.20670966804027557,3,1
39,0.13719135522842407,0.21022459864616394,3,1
40,0.12810775078833103,0.2007078230381012,3,1
41,0.19889505952596664,0.20247027277946472,3,1
42,0.2296081706881523,0.20257924497127533,3,1
43,0.1502500120550394,0.1992083340883255,3,1
44,0.14441240951418877,0.20302456617355347,3,1
45,0.16232876479625702,0.20151524245738983,3,1
46,0.15985838323831558,0.205873042345047,3,1
47,0.11781767383217812,0.21171674132347107,3,1
48,0.10423267632722855,0.2135346382856369,3,1
49,0.1891695111989975,0.21889455616474152,3,1
50,0.11509454250335693,0.22117751836776733,3,1
51,0.1535956896841526,0.21964171528816223,3,1
52,0.11976156197488308,0.21479801833629608,3,1
53,0.10083811916410923,0.21449938416481018,3,1
54,0.13897872157394886,0.20632299780845642,3,1
55,0.13491160608828068,0.20859286189079285,3,1
56,0.15390011109411716,0.2144264578819275,3,1
57,0.07141709700226784,0.21657195687294006,3,1
58,0.08683140203356743,0.22352132201194763,3,1
59,0.08957146108150482,0.2232547402381897,3,1
60,0.08696731738746166,0.22193865478038788,3,1
61,0.08633768744766712,0.2176455557346344,3,1
62,0.09512387029826641,0.20865777134895325,3,1
63,0.09401395171880722,0.21151305735111237,3,1
64,0.07105422206223011,0.21141332387924194,3,1
65,0.0962392995133996,0.20925229787826538,3,1
66,0.096521089784801,0.21032138168811798,3,1
67,0.07365303952246904,0.1995878368616104,3,1
68,0.09183554723858833,0.19522860646247864,3,1
69,0.12195109389722347,0.18135477602481842,3,1
70,0.06895141489803791,0.17939166724681854,3,1
71,0.08009502664208412,0.18317656219005585,3,1
72,0.06249274779111147,0.19524964690208435,3,1
73,0.08372972160577774,0.2069639265537262,3,1
74,0.05866529047489166,0.2237718105316162,3,1
75,0.13180531561374664,0.22496087849140167,3,1
76,0.12073436006903648,0.24223442375659943,3,1
77,0.10363599844276905,0.23148635029792786,3,1
78,0.15058305952697992,0.2440938651561737,3,1
79,0.05368272587656975,0.2455751597881317,3,1
80,0.041971392929553986,0.2601374685764313,3,1
81,0.06919906288385391,0.26271581649780273,3,1
82,0.06016058661043644,0.26496726274490356,3,1
83,0.14102144353091717,0.26482921838760376,3,1
84,0.07042432762682438,0.25936025381088257,3,1
85,0.07003524620085955,0.2584695816040039,3,1
86,0.06104154558852315,0.26416975259780884,3,1
87,0.053599520586431026,0.2631465196609497,3,1
88,0.12881620787084103,0.25368428230285645,3,1
89,0.04391875583678484,0.2569171190261841,3,1
90,0.048713295720517635,0.2541721761226654,3,1
91,0.049517649225890636,0.2633969187736511,3,1
92,0.0410477495752275,0.2716168165206909,3,1
93,0.050788973458111286,0.26839232444763184,3,1
94,0.052032052539289,0.2755248248577118,3,1
95,0.042863402515649796,0.2755623459815979,3,1
96,0.07389244344085455,0.2784516215324402,3,1
97,0.050026727840304375,0.2835903763771057,3,1
98,0.15680719912052155,0.296994149684906,3,1
99,0.04171450203284621,0.29347893595695496,3,1
100,0.050143214873969555,0.2786876857280731,3,1
0,0.4083648547530174,0.4261036217212677,3,2
1,0.4008524864912033,0.42209210991859436,3,2
2,0.3852791488170624,0.41612154245376587,3,2
3,0.3723532110452652,0.4089982211589813,3,2
4,0.34460847079753876,0.40250512957572937,3,2
5,0.3468673303723335,0.3969005048274994,3,2
6,0.32773591578006744,0.3907964825630188,3,2
7,0.321744829416275,0.38588497042655945,3,2
8,0.33581994473934174,0.38067540526390076,3,2
9,0.322577603161335,0.3775081932544708,3,2
10,0.2991230934858322,0.37340793013572693,3,2
11,0.3054940477013588,0.37112757563591003,3,2
12,0.2774186134338379,0.368231862783432,3,2
13,0.2550671249628067,0.36700528860092163,3,2
14,0.27906884253025055,0.36226752400398254,3,2
15,0.28799890354275703,0.36115124821662903,3,2
16,0.2591218538582325,0.36033204197883606,3,2
17,0.2777550593018532,0.3536779284477234,3,2
18,0.2171882763504982,0.3519571125507355,3,2
19,0.2358020767569542,0.35311681032180786,3,2
20,0.24232202395796776,0.34493201971054077,3,2
21,0.23296310752630234,0.3442917466163635,3,2
22,0.22163758426904678,0.3395349383354187,3,2
23,0.21623960882425308,0.3347925543785095,3,2
24,0.2109564207494259,0.33083102107048035,3,2
25,0.21322984993457794,0.3273862302303314,3,2
26,0.2051989957690239,0.3371487259864807,3,2
27,0.1946779042482376,0.3238956928253174,3,2
28,0.2190398909151554,0.31984782218933105,3,2
29,0.1797553114593029,0.3121938705444336,3,2
30,0.23816794902086258,0.3079356849193573,3,2
31,0.20017898082733154,0.3160288333892822,3,2
32,0.177720308303833,0.3068660795688629,3,2
33,0.14821442775428295,0.30352655053138733,3,2
34,0.14710386842489243,0.2963588237762451,3,2
35,0.17756655625998974,0.28638893365859985,3,2
36,0.1794014498591423,0.2834335267543793,3,2
37,0.14350083656609058,0.2816830277442932,3,2
38,0.15773725137114525,0.2803437113761902,3,2
39,0.12048595771193504,0.2750178575515747,3,2
40,0.18596802651882172,0.26664337515830994,3,2
41,0.11361902579665184,0.25951820611953735,3,2
42,0.21039889380335808,0.25268927216529846,3,2
43,0.14507461339235306,0.25242114067077637,3,2
44,0.1245327778160572,0.2513682246208191,3,2
45,0.1194772869348526,0.25350290536880493,3,2
46,0.10016419179737568,0.2602687478065491,3,2
47,0.14133672043681145,0.2651401162147522,3,2
48,0.13252387382090092,0.2640022039413452,3,2
49,0.19149508513510227,0.2705458998680115,3,2
50,0.07886804267764091,0.260831356048584,3,2
51,0.08246084116399288,0.2562931180000305,3,2
52,0.09850364737212658,0.25640034675598145,3,2
53,0.1155563723295927,0.25592416524887085,3,2
54,0.07389759831130505,0.24249762296676636,3,2
55,0.08930819854140282,0.24016818404197693,3,2
56,0.09157768171280622,0.23838330805301666,3,2
57,0.12998764216899872,0.23630297183990479,3,2
58,0.10549630224704742,0.22794505953788757,3,2
59,0.06054834742099047,0.2296571433544159,3,2
60,0.08655042294412851,0.23569424450397491,3,2
61,0.0778292790055275,0.23066909611225128,3,2
62,0.07310707401484251,0.2350306659936905,3,2
63,0.08490750752389431,0.22802047431468964,3,2
64,0.07804634608328342,0.2313777506351471,3,2
65,0.047983757220208645,0.23273608088493347,3,2
66,0.07623133528977633,0.2287844717502594,3,2
67,0.15193702187389135,0.23879246413707733,3,2
68,0.14513156656175852,0.23757536709308624,3,2
69,0.15659381821751595,0.25005343556404114,3,2
70,0.07079114485532045,0.2573760747909546,3,2
71,0.07181428465992212,0.2402295023202896,3,2
72,0.06700602360069752,0.2328268587589264,3,2
73,0.09106872044503689,0.2250535637140274,3,2
74,0.06795489508658648,0.23155057430267334,3,2
75,0.051121193915605545,0.23863781988620758,3,2
76,0.06822752486914396,0.23461778461933136,3,2
77,0.050228978507220745,0.23056985437870026,3,2
78,0.1192655935883522,0.2341982126235962,3,2
79,0.10710128303617239,0.22515767812728882,3,2
80,0.09891489613801241,0.23317916691303253,3,2
81,0.05738357547670603,0.23135915398597717,3,2
82,0.04477895796298981,0.2174803614616394,3,2
83,0.05998624488711357,0.22062161564826965,3,2
84,0.04482186492532492,0.2162952721118927,3,2
85,0.09538644645363092,0.21585874259471893,3,2
86,0.08515159413218498,0.2037230283021927,3,2
87,0.049810025840997696,0.2101951241493225,3,2
88,0.15844878554344177,0.22001869976520538,3,2
89,0.06798182800412178,0.22701574862003326,3,2
90,0.03971756296232343,0.22252269089221954,3,2
91,0.057938240468502045,0.21614786982536316,3,2
92,0.02989464160054922,0.2169279158115387,3,2
93,0.02334814937785268,0.22319990396499634,3,2
94,0.09098751936107874,0.23011769354343414,3,2
95,0.04134333413094282,0.2250765860080719,3,2
96,0.03695675265043974,0.21928748488426208,3,2
97,0.030891995411366224,0.21228709816932678,3,2
98,0.06614251993596554,0.2153075486421585,3,2
99,0.055585891008377075,0.21153341233730316,3,2
100,0.0412562619894743,0.20558324456214905,3,2
101,0.034491464495658875,0.2054949700832367,3,2
102,0.03917288826778531,0.19999776780605316,3,2
103,0.12402501609176397,0.2000659853219986,3,2
104,0.03747817687690258,0.2048213928937912,3,2
105,0.03086752165108919,0.1981990784406662,3,2
106,0.031700761523097754,0.20794543623924255,3,2
107,0.1346253016963601,0.2102472186088562,3,2
108,0.06060614809393883,0.20461001992225647,3,2
109,0.06695209350436926,0.2066703736782074,3,2
110,0.06688349787145853,0.21213333308696747,3,2
111,0.03069157782010734,0.21081843972206116,3,2
112,0.03563316445797682,0.21195954084396362,3,2
113,0.034522537142038345,0.2092515081167221,3,2
114,0.04531777277588844,0.20621977746486664,3,2
115,0.03321647085249424,0.20292896032333374,3,2
116,0.03596115857362747,0.1990673840045929,3,2
117,0.028503555804491043,0.19877323508262634,3,2
118,0.04506804049015045,0.19758865237236023,3,2
119,0.024349569343030453,0.20366701483726501,3,2
120,0.04440416395664215,0.20848621428012848,3,2
121,0.029198640258982778,0.20772679150104523,3,2
122,0.025816781911998987,0.21166880428791046,3,2
123,0.11629439983516932,0.21880167722702026,3,2
124,0.15009153774008155,0.21053609251976013,3,2
125,0.029064205940812826,0.215201735496521,3,2
126,0.03495868807658553,0.21420171856880188,3,2
127,0.028680728282779455,0.21422931551933289,3,2
128,0.026302065700292587,0.20326891541481018,3,2
129,0.1263019605539739,0.20772670209407806,3,2
130,0.07749419705942273,0.21262329816818237,3,2
131,0.07300970191136003,0.1915326863527298,3,2
132,0.04813672136515379,0.17688360810279846,3,2
133,0.021344728535041213,0.1657150536775589,3,2
134,0.045166232623159885,0.15970031917095184,3,2
135,0.06861348124220967,0.16211262345314026,3,2
136,0.040445705875754356,0.13971319794654846,3,2
137,0.054001878015697,0.13323216140270233,3,2
138,0.019666077103465796,0.13368439674377441,3,2
139,0.04270495125092566,0.1343059241771698,3,2
140,0.02360789617523551,0.13672229647636414,3,2
141,0.04016680922359228,0.14843907952308655,3,2
142,0.01824946259148419,0.15049050748348236,3,2
143,0.028278613230213523,0.15433041751384735,3,2
144,0.02998233656398952,0.1472732126712799,3,2
145,0.015997005626559258,0.14784789085388184,3,2
146,0.020329258404672146,0.1540919542312622,3,2
147,0.031003830954432487,0.15784935653209686,3,2
148,0.0195925273001194,0.15877565741539001,3,2
149,0.021308595780283213,0.15755107998847961,3,2
150,0.029679717030376196,0.16397640109062195,3,2
151,0.023442131699994206,0.15330396592617035,3,2
152,0.017351176356896758,0.14813053607940674,3,2
153,0.02132988697849214,0.14652150869369507,3,2
154,0.018335209228098392,0.15631525218486786,3,2
155,0.034730162704363465,0.15074536204338074,3,2
156,0.025864982046186924,0.14724984765052795,3,2
157,0.018760745879262686,0.14919716119766235,3,2
158,0.015569275245070457,0.15559351444244385,3,2
159,0.01363988930825144,0.15795691311359406,3,2
160,0.018930441234260798,0.15696565806865692,3,2
161,0.03142886841669679,0.15715967118740082,3,2
162,0.03721035784110427,0.1496119350194931,3,2
163,0.015654031885787845,0.14833900332450867,3,2
164,0.02364782663062215,0.14862029254436493,3,2
165,0.04765641875565052,0.14735369384288788,3,2
166,0.04498124402016401,0.13531804084777832,3,2
167,0.09353891853243113,0.13533948361873627,3,2
0,0.4398427680134773,0.41593730449676514,3,3
1,0.38424673676490784,0.4111645817756653,3,3
2,0.381658636033535,0.40444454550743103,3,3
3,0.3714522570371628,0.39730992913246155,3,3
4,0.36123473197221756,0.3916005790233612,3,3
5,0.32841936871409416,0.386178582906723,3,3
6,0.3255319781601429,0.3851087689399719,3,3
7,0.3349456153810024,0.38746634125709534,3,3
8,0.33854082971811295,0.39190277457237244,3,3
9,0.3069041706621647,0.3945397734642029,3,3
10,0.30698276311159134,0.39800795912742615,3,3
11,0.30029215291142464,0.4034227132797241,3,3
12,0.32784631848335266,0.40969008207321167,3,3
13,0.34698929637670517,0.4171138405799866,3,3
14,0.2841351628303528,0.42338699102401733,3,3
15,0.23147287964820862,0.42490899562835693,3,3
16,0.29584722965955734,0.43747249245643616,3,3
17,0.2916909009218216,0.446133017539978,3,3
18,0.26684272661805153,0.4602677822113037,3,3
19,0.2271658144891262,0.4718644618988037,3,3
20,0.20889928936958313,0.4850539565086365,3,3
21,0.22544147074222565,0.4983329772949219,3,3
22,0.22383743897080421,0.5082200765609741,3,3
23,0.20124703273177147,0.5150291323661804,3,3
24,0.19745244085788727,0.5200721621513367,3,3
25,0.2129392921924591,0.5386124849319458,3,3
26,0.1967042051255703,0.5480319857597351,3,3
27,0.19399534538388252,0.5575387477874756,3,3
28,0.16813796386122704,0.561206579208374,3,3
29,0.1675637885928154,0.5746338367462158,3,3
30,0.24505889415740967,0.5947120189666748,3,3
31,0.16892097890377045,0.605879545211792,3,3
32,0.15575812757015228,0.6080713272094727,3,3
33,0.17626511305570602,0.624224841594696,3,3
34,0.18027644976973534,0.638397216796875,3,3
35,0.1658146157860756,0.6573343276977539,3,3
36,0.18670355714857578,0.6750863194465637,3,3
0,0.42835409194231033,0.4088335335254669,3,4
1,0.45875483751296997,0.4059785008430481,3,4
2,0.3881504684686661,0.4004836976528168,3,4
3,0.38742629438638687,0.3963435888290405,3,4
4,0.3813779950141907,0.3898763358592987,3,4
5,0.3630821704864502,0.38401591777801514,3,4
6,0.3560509458184242,0.3798711895942688,3,4
7,0.3209107667207718,0.3772004246711731,3,4
8,0.3033664599061012,0.37236911058425903,3,4
9,0.3441110998392105,0.36936691403388977,3,4
10,0.30459558218717575,0.3663710057735443,3,4
11,0.31983713060617447,0.3579499423503876,3,4
12,0.2903890572488308,0.3572535812854767,3,4
13,0.30047890543937683,0.3551441431045532,3,4
14,0.29415129870176315,0.3539620041847229,3,4
15,0.27252982556819916,0.351569265127182,3,4
16,0.235728420317173,0.3495344817638397,3,4
17,0.27889520674943924,0.3468277156352997,3,4
18,0.2511337287724018,0.34448808431625366,3,4
19,0.2391226589679718,0.34369757771492004,3,4
20,0.24265069887042046,0.34218844771385193,3,4
21,0.24267563968896866,0.33979693055152893,3,4
22,0.2525000721216202,0.33481672406196594,3,4
23,0.2297220677137375,0.3308097720146179,3,4
24,0.2739012837409973,0.32828080654144287,3,4
25,0.26344022527337074,0.3258177936077118,3,4
26,0.25384050607681274,0.3249175250530243,3,4
27,0.19170012697577477,0.32292497158050537,3,4
28,0.2617040276527405,0.3220234811306,3,4
29,0.2057243213057518,0.3201029300689697,3,4
30,0.2015523947775364,0.3145720064640045,3,4
31,0.20804071053862572,0.3115340769290924,3,4
32,0.19597258046269417,0.3124074935913086,3,4
33,0.16273578256368637,0.30644068121910095,3,4
34,0.2139585241675377,0.29970917105674744,3,4
35,0.20274706557393074,0.2953875660896301,3,4
36,0.200545784085989,0.2948794960975647,3,4
37,0.17835481464862823,0.2907665967941284,3,4
38,0.16123491525650024,0.288220077753067,3,4
39,0.1437630858272314,0.2867313325405121,3,4
40,0.18354057520627975,0.2844896912574768,3,4
41,0.1833740882575512,0.2842525243759155,3,4
42,0.1828697081655264,0.28686225414276123,3,4
43,0.15546432323753834,0.2815755307674408,3,4
44,0.15231553465127945,0.28385648131370544,3,4
45,0.12265303358435631,0.28177177906036377,3,4
46,0.13847925141453743,0.27726632356643677,3,4
47,0.17359019070863724,0.27192357182502747,3,4
48,0.14537769556045532,0.2690642774105072,3,4
49,0.16086535714566708,0.2640919089317322,3,4
50,0.10846218094229698,0.2647631764411926,3,4
51,0.16016309149563313,0.26509755849838257,3,4
52,0.29811943508684635,0.26824164390563965,3,4
53,0.09084534645080566,0.2686496078968048,3,4
54,0.0989136416465044,0.2709674835205078,3,4
55,0.1222694180905819,0.2688424289226532,3,4
56,0.10227452963590622,0.26466071605682373,3,4
57,0.14021860621869564,0.2648347318172455,3,4
58,0.08964245952665806,0.26019981503486633,3,4
59,0.11472644284367561,0.25749263167381287,3,4
60,0.09601550363004208,0.24843375384807587,3,4
61,0.09374779649078846,0.2521111071109772,3,4
62,0.08718483708798885,0.2524084448814392,3,4
63,0.09295850992202759,0.2560752332210541,3,4
64,0.07789116818457842,0.2566516399383545,3,4
65,0.10310460440814495,0.2503771483898163,3,4
66,0.08639822527766228,0.25110140442848206,3,4
67,0.08405773341655731,0.2516007721424103,3,4
68,0.07346658036112785,0.2528211176395416,3,4
69,0.08518464490771294,0.256425678730011,3,4
70,0.062108276411890984,0.2562015950679779,3,4
71,0.05757483281195164,0.2631237208843231,3,4
72,0.10257584042847157,0.2632368505001068,3,4
73,0.060332439839839935,0.25408250093460083,3,4
74,0.08215070888400078,0.2544429898262024,3,4
75,0.08442866988480091,0.24577786028385162,3,4
76,0.0800039628520608,0.2439572513103485,3,4
77,0.05945936590433121,0.24021746218204498,3,4
78,0.10200909711420536,0.24400176107883453,3,4
79,0.059834664687514305,0.24435865879058838,3,4
80,0.1382625736296177,0.2375362515449524,3,4
81,0.1074391407892108,0.23043298721313477,3,4
82,0.06123632565140724,0.2308407425880432,3,4
83,0.058513556607067585,0.2271517813205719,3,4
84,0.09689342230558395,0.23105470836162567,3,4
85,0.04604127537459135,0.23326924443244934,3,4
86,0.0627645468339324,0.2381545752286911,3,4
87,0.04091200139373541,0.2334396243095398,3,4
88,0.039471269119530916,0.23558737337589264,3,4
89,0.048067341558635235,0.23497024178504944,3,4
90,0.055220820009708405,0.24395586550235748,3,4
91,0.03814204828813672,0.2519110441207886,3,4
92,0.09704497177153826,0.23707528412342072,3,4
93,0.10116542130708694,0.22166100144386292,3,4
94,0.04166282946243882,0.2157112956047058,3,4
95,0.04585291165858507,0.21573656797409058,3,4
96,0.041093858890235424,0.2169409543275833,3,4
97,0.045792520977556705,0.21976369619369507,3,4
98,0.06321380659937859,0.21223177015781403,3,4
99,0.02965404512360692,0.21898189187049866,3,4
100,0.03858656994998455,0.22076919674873352,3,4
101,0.02950410731136799,0.22168657183647156,3,4
102,0.04066184163093567,0.22538229823112488,3,4
103,0.061900461092591286,0.22879798710346222,3,4
104,0.03566655749455094,0.22349600493907928,3,4
105,0.10019154939800501,0.21390153467655182,3,4
106,0.08282162435352802,0.23262424767017365,3,4
107,0.2384145907126367,0.25534865260124207,3,4
108,0.04063577065244317,0.2656911611557007,3,4
109,0.03066534735262394,0.26696550846099854,3,4
110,0.034699540585279465,0.2774931490421295,3,4
111,0.03749234974384308,0.2759743928909302,3,4
112,0.053122381679713726,0.2740307152271271,3,4
113,0.05250747129321098,0.2892061173915863,3,4
114,0.035742009058594704,0.2794303297996521,3,4
115,0.07799782417714596,0.2660977244377136,3,4
116,0.034914884716272354,0.23292940855026245,3,4
117,0.03307152120396495,0.22601822018623352,3,4
118,0.06698977714404464,0.23824569582939148,3,4
119,0.03697860613465309,0.22947995364665985,3,4
120,0.02896694652736187,0.23663723468780518,3,4
121,0.042468177154660225,0.22351202368736267,3,4
122,0.02715997165068984,0.2079208642244339,3,4
123,0.052413858473300934,0.2159786969423294,3,4
124,0.04123828047886491,0.22877690196037292,3,4
125,0.04361364804208279,0.22438499331474304,3,4
126,0.02658170834183693,0.22489716112613678,3,4
127,0.07304911687970161,0.21642792224884033,3,4
128,0.04239483689889312,0.22426244616508484,3,4
129,0.08688964694738388,0.24784459173679352,3,4
130,0.03736063186079264,0.2550885081291199,3,4
131,0.03673174977302551,0.25179699063301086,3,4
132,0.018920988775789738,0.264083594083786,3,4
133,0.03185546398162842,0.27295002341270447,3,4
134,0.014578720438294113,0.26904696226119995,3,4
135,0.025293200742453337,0.2651189863681793,3,4
136,0.01896873745135963,0.25856366753578186,3,4
137,0.04732943931594491,0.25163930654525757,3,4
138,0.016380336368456483,0.260967493057251,3,4
139,0.017914058407768607,0.25908610224723816,3,4
140,0.030654126312583685,0.2785576283931732,3,4
141,0.020727685187011957,0.2924560010433197,3,4
142,0.04911410016939044,0.31106942892074585,3,4
143,0.020390040008351207,0.29035383462905884,3,4
144,0.04359237849712372,0.28053176403045654,3,4
145,0.032441693590953946,0.2827828824520111,3,4
146,0.014405891299247742,0.2662951648235321,3,4
147,0.026258485857397318,0.29173511266708374,3,4
148,0.020200463943183422,0.2641182839870453,3,4
149,0.09307730966247618,0.24976010620594025,3,4
150,0.08121280488558114,0.276089072227478,3,4
151,0.026917372830212116,0.2955876886844635,3,4
152,0.030196346109732985,0.29305440187454224,3,4
0,0.4628426432609558,0.4018048346042633,4,0
1,0.4287393316626549,0.38809603452682495,4,0
2,0.40735650062561035,0.37484052777290344,4,0
3,0.4114937037229538,0.36157575249671936,4,0
4,0.3944917842745781,0.3485460877418518,4,0
5,0.4085833206772804,0.33652839064598083,4,0
6,0.3673381581902504,0.3269420266151428,4,0
7,0.36625299602746964,0.3184114992618561,4,0
8,0.3592390790581703,0.3127168118953705,4,0
9,0.31814759224653244,0.3077388405799866,4,0
10,0.3163917437195778,0.3025761544704437,4,0
11,0.35429323464632034,0.29630741477012634,4,0
12,0.29865662753582,0.2959150969982147,4,0
13,0.31277844309806824,0.2924778163433075,4,0
14,0.3057248219847679,0.28691625595092773,4,0
15,0.3073228970170021,0.2855168879032135,4,0
16,0.27693186700344086,0.2878051698207855,4,0
17,0.29590315371751785,0.2791998088359833,4,0
18,0.28090493381023407,0.278233140707016,4,0
19,0.24202553927898407,0.27755746245384216,4,0
20,0.2303951196372509,0.27902907133102417,4,0
21,0.2568986192345619,0.27783697843551636,4,0
22,0.2764698788523674,0.2795296907424927,4,0
23,0.2582024335861206,0.27572834491729736,4,0
24,0.25790276750922203,0.2713615298271179,4,0
25,0.2214568704366684,0.2728646993637085,4,0
26,0.27535928040742874,0.2696938216686249,4,0
27,0.22844285890460014,0.2669205665588379,4,0
28,0.2220156379044056,0.26898276805877686,4,0
29,0.24233799800276756,0.2748340368270874,4,0
30,0.25822867825627327,0.27080538868904114,4,0
31,0.19320165738463402,0.2797469198703766,4,0
32,0.20770592987537384,0.281610369682312,4,0
33,0.23303082212805748,0.28408145904541016,4,0
34,0.18651407584547997,0.2804649770259857,4,0
35,0.23164380341768265,0.28261619806289673,4,0
36,0.18601280078291893,0.2776668667793274,4,0
37,0.15773038193583488,0.27752935886383057,4,0
38,0.17476138845086098,0.2761378586292267,4,0
39,0.1551327221095562,0.2746356129646301,4,0
40,0.1567980796098709,0.2744332551956177,4,0
41,0.2173398658633232,0.273833692073822,4,0
42,0.2626414876431227,0.2793526351451874,4,0
43,0.1834745593369007,0.29778099060058594,4,0
44,0.15850722789764404,0.30592915415763855,4,0
45,0.13520288839936256,0.3097154200077057,4,0
46,0.1821180321276188,0.30906733870506287,4,0
47,0.12139156460762024,0.30190667510032654,4,0
48,0.17378790117800236,0.3090808391571045,4,0
49,0.21932531520724297,0.28983575105667114,4,0
50,0.1342649757862091,0.2793617248535156,4,0
51,0.1536288484930992,0.27616438269615173,4,0
52,0.13101502135396004,0.2796127498149872,4,0
53,0.12318778224289417,0.27626657485961914,4,0
54,0.1535702906548977,0.2633954882621765,4,0
55,0.1556869111955166,0.2680017352104187,4,0
56,0.12647926062345505,0.2588490843772888,4,0
57,0.09235548041760921,0.2701399028301239,4,0
58,0.1030905470252037,0.2804916501045227,4,0
59,0.10674003139138222,0.30020731687545776,4,0
60,0.08919978700578213,0.29944032430648804,4,0
61,0.09811457246541977,0.28961753845214844,4,0
62,0.10084762051701546,0.2934522330760956,4,0
63,0.09855226054787636,0.29507625102996826,4,0
64,0.09524188004434109,0.29491740465164185,4,0
65,0.10918445512652397,0.2864024341106415,4,0
66,0.17732667922973633,0.28092432022094727,4,0
67,0.07908725645393133,0.28376874327659607,4,0
68,0.10575701389461756,0.2853412628173828,4,0
69,0.13787352479994297,0.29343563318252563,4,0
70,0.09244063682854176,0.2811964452266693,4,0
71,0.07269935309886932,0.26923179626464844,4,0
72,0.08385580591857433,0.2769819498062134,4,0
73,0.08575321640819311,0.29014861583709717,4,0
74,0.07827170379459858,0.30945366621017456,4,0
75,0.11709560453891754,0.3147076964378357,4,0
76,0.12610717490315437,0.30879199504852295,4,0
77,0.13035980891436338,0.3182753324508667,4,0
78,0.10679002851247787,0.3162296712398529,4,0
79,0.050357621163129807,0.3278055191040039,4,0
80,0.04240404861047864,0.32995477318763733,4,0
81,0.1307449685409665,0.3446293771266937,4,0
82,0.04699073266237974,0.321112722158432,4,0
83,0.141331079415977,0.31680750846862793,4,0
84,0.08170146495103836,0.2943628430366516,4,0
85,0.061864035204052925,0.303428590297699,4,0
86,0.0656444514170289,0.27669045329093933,4,0
0,0.42454110085964203,0.41791030764579773,4,1
1,0.4008740708231926,0.40568476915359497,4,1
2,0.4004630967974663,0.3907453119754791,4,1
3,0.38926155865192413,0.37400737404823303,4,1
4,0.3642982318997383,0.3589230477809906,4,1
5,0.3475399538874626,0.3457144498825073,4,1
6,0.37847746163606644,0.3319641053676605,4,1
7,0.33467376232147217,0.3199771046638489,4,1
8,0.33631235361099243,0.3094225823879242,4,1
9,0.3525312766432762,0.2995603680610657,4,1
10,0.3199951872229576,0.2963663637638092,4,1
11,0.29815129935741425,0.28572243452072144,4,1
12,0.3175295665860176,0.2855306565761566,4,1
13,0.2998693585395813,0.281176894903183,4,1
14,0.2937597185373306,0.27341803908348083,4,1
15,0.32139362394809723,0.266783207654953,4,1
16,0.32678917795419693,0.26293331384658813,4,1
17,0.2943701222538948,0.25313466787338257,4,1
18,0.2775689922273159,0.24582591652870178,4,1
19,0.2396782860159874,0.24520714581012726,4,1
20,0.25948789343237877,0.24522905051708221,4,1
21,0.253751702606678,0.246795192360878,4,1
22,0.22669818624854088,0.23983332514762878,4,1
23,0.24148797243833542,0.23402433097362518,4,1
24,0.24757017940282822,0.22872324287891388,4,1
25,0.2382919080555439,0.22905786335468292,4,1
26,0.23108460754156113,0.22869925200939178,4,1
27,0.23034875467419624,0.2159525454044342,4,1
28,0.23745107650756836,0.21006722748279572,4,1
29,0.2024937868118286,0.20430272817611694,4,1
30,0.25447048619389534,0.1960126757621765,4,1
31,0.24250616878271103,0.20136681199073792,4,1
32,0.2100544273853302,0.1964074671268463,4,1
33,0.18601492792367935,0.1967751383781433,4,1
34,0.19856270775198936,0.19573859870433807,4,1
35,0.20836209878325462,0.1877857744693756,4,1
36,0.16389084607362747,0.1858040988445282,4,1
37,0.16480158269405365,0.18336088955402374,4,1
38,0.156547449529171,0.18459706008434296,4,1
39,0.18692006170749664,0.18193790316581726,4,1
40,0.1762799397110939,0.1772310435771942,4,1
41,0.16083195805549622,0.17201663553714752,4,1
42,0.25531481578946114,0.16404122114181519,4,1
43,0.19312045723199844,0.15656843781471252,4,1
44,0.16916228458285332,0.16017575562000275,4,1
45,0.13727785274386406,0.16223347187042236,4,1
46,0.1336204595863819,0.16253235936164856,4,1
47,0.14339317195117474,0.16214235126972198,4,1
48,0.15194464474916458,0.16295556724071503,4,1
49,0.1953144446015358,0.1639147400856018,4,1
50,0.10476350039243698,0.16106347739696503,4,1
51,0.10418086312711239,0.15744967758655548,4,1
52,0.11439229734241962,0.1586553305387497,4,1
53,0.12040507607161999,0.15513832867145538,4,1
54,0.09110487159341574,0.15079958736896515,4,1
55,0.09780019149184227,0.15036511421203613,4,1
56,0.10572155751287937,0.1476123034954071,4,1
57,0.1356675624847412,0.14727994799613953,4,1
58,0.12537606433033943,0.14101967215538025,4,1
59,0.08020639512687922,0.14100682735443115,4,1
60,0.10623927414417267,0.1449304074048996,4,1
61,0.08511547185480595,0.1472102254629135,4,1
62,0.10413086973130703,0.15215368568897247,4,1
63,0.1541192177683115,0.14835701882839203,4,1
64,0.08367542363703251,0.15056724846363068,4,1
65,0.07791552133858204,0.1485821008682251,4,1
66,0.09535225480794907,0.14771132171154022,4,1
67,0.13746187929064035,0.15044471621513367,4,1
68,0.20683521777391434,0.1472189873456955,4,1
69,0.16554939188063145,0.16407810151576996,4,1
70,0.09003937616944313,0.16965392231941223,4,1
71,0.08484506607055664,0.16859064996242523,4,1
72,0.07348865177482367,0.17527668178081512,4,1
73,0.10659118555486202,0.1653485745191574,4,1
74,0.07371017802506685,0.16474172472953796,4,1
75,0.0800342932343483,0.17506006360054016,4,1
76,0.07068631798028946,0.17162807285785675,4,1
77,0.10174229647964239,0.1658090054988861,4,1
78,0.12514935992658138,0.15626433491706848,4,1
79,0.1159308385103941,0.14176127314567566,4,1
80,0.11360855586826801,0.13974273204803467,4,1
81,0.07603709027171135,0.13787491619586945,4,1
82,0.08783329650759697,0.12972325086593628,4,1
83,0.05965844076126814,0.12763796746730804,4,1
84,0.07835305761545897,0.12890823185443878,4,1
85,0.07757650781422853,0.12830016016960144,4,1
86,0.13048648927360773,0.11484881490468979,4,1
87,0.07989903818815947,0.11951280385255814,4,1
88,0.12619160395115614,0.12831394374370575,4,1
89,0.05897345207631588,0.12522433698177338,4,1
90,0.043740831315517426,0.1249689906835556,4,1
91,0.10494690574705601,0.1226317510008812,4,1
92,0.04239931609481573,0.12818874418735504,4,1
93,0.03567396919243038,0.13488195836544037,4,1
94,0.10020849015563726,0.1528225988149643,4,1
95,0.04295167978852987,0.14933975040912628,4,1
96,0.03756461665034294,0.15176650881767273,4,1
97,0.05197883117944002,0.13977494835853577,4,1
98,0.07807616330683231,0.1380949765443802,4,1
99,0.039886904414743185,0.13811878859996796,4,1
100,0.03661035932600498,0.1283828765153885,4,1
101,0.039052014239132404,0.13339868187904358,4,1
102,0.04693690733984113,0.127796471118927,4,1
103,0.12689532525837421,0.12786336243152618,4,1
104,0.03439440578222275,0.11551297456026077,4,1
105,0.03862600773572922,0.10708989948034286,4,1
106,0.03280201321467757,0.10491354763507843,4,1
107,0.16626165434718132,0.10657218098640442,4,1
108,0.06687796395272017,0.10235033929347992,4,1
109,0.08039714582264423,0.10343664139509201,4,1
110,0.029647329356521368,0.11168426275253296,4,1
111,0.0452577150426805,0.11190197616815567,4,1
112,0.045984942466020584,0.10784289240837097,4,1
113,0.056509073823690414,0.10891181975603104,4,1
114,0.050678664818406105,0.10868219286203384,4,1
115,0.036566936410963535,0.10598381608724594,4,1
116,0.036629630252718925,0.10847654193639755,4,1
117,0.03689911728724837,0.10099341720342636,4,1
118,0.03360458463430405,0.10559926927089691,4,1
119,0.02637967187911272,0.11167683452367783,4,1
120,0.07011881424114108,0.10709970444440842,4,1
121,0.02899632346816361,0.10549867898225784,4,1
122,0.038341320818290114,0.10749900341033936,4,1
123,0.10525674745440483,0.1123720183968544,4,1
124,0.07021965365856886,0.10824914276599884,4,1
125,0.03943087114021182,0.10948172211647034,4,1
126,0.033326780423521996,0.11000324040651321,4,1
127,0.03138228505849838,0.11461901664733887,4,1
128,0.034525084774941206,0.11569806188344955,4,1
129,0.10955362115055323,0.1324055790901184,4,1
130,0.16407078225165606,0.15171168744564056,4,1
131,0.05057716090232134,0.14675942063331604,4,1
132,0.034591262228786945,0.13880138099193573,4,1
133,0.03572930349037051,0.13018329441547394,4,1
134,0.07048433786258101,0.12814442813396454,4,1
135,0.07148647913709283,0.13981401920318604,4,1
136,0.09116548066958785,0.12358854711055756,4,1
137,0.04078268585726619,0.11853886395692825,4,1
138,0.02279746951535344,0.12059806287288666,4,1
139,0.029199807671830058,0.1073823869228363,4,1
140,0.026407655095681548,0.1017240509390831,4,1
141,0.054596095345914364,0.10107972472906113,4,1
142,0.030418134527280927,0.10087467730045319,4,1
143,0.026338699040934443,0.11163163930177689,4,1
144,0.015211262740194798,0.11105050146579742,4,1
145,0.01569579215720296,0.1017678901553154,4,1
146,0.02115874318405986,0.10568329691886902,4,1
147,0.021527706645429134,0.11328724026679993,4,1
148,0.029331902507692575,0.11521683633327484,4,1
149,0.025821689050644636,0.10916755348443985,4,1
150,0.05586948245763779,0.11076647788286209,4,1
151,0.017371590598486364,0.09947795420885086,4,1
152,0.02020594268105924,0.10753322392702103,4,1
153,0.03213572455570102,0.10181202739477158,4,1
154,0.03206720110028982,0.10682331770658493,4,1
155,0.05365898017771542,0.1028580591082573,4,1
156,0.027738406555727124,0.10636457800865173,4,1
157,0.03910126304253936,0.1155749037861824,4,1
158,0.019998600473627448,0.12471921741962433,4,1
159,0.011865307576954365,0.13157658278942108,4,1
160,0.032217761501669884,0.12373419851064682,4,1
161,0.030215291306376457,0.13429217040538788,4,1
162,0.04336798330768943,0.1288442313671112,4,1
163,0.02981397369876504,0.13195441663265228,4,1
164,0.03054613107815385,0.13593295216560364,4,1
165,0.05318179354071617,0.14039228856563568,4,1
166,0.025306034134700894,0.12053638696670532,4,1
167,0.12504719523712993,0.1231856718659401,4,1
168,0.021286237402819097,0.12030048668384552,4,1
169,0.035889111924916506,0.12161619961261749,4,1
170,0.014274569926783442,0.1103585809469223,4,1
171,0.02025043172761798,0.10973057895898819,4,1
172,0.022504847962409258,0.10894115269184113,4,1
173,0.07481415010988712,0.11210980266332626,4,1
174,0.019061531871557236,0.11166234314441681,4,1
175,0.03146543726325035,0.11293339729309082,4,1
176,0.05580657999962568,0.11559668928384781,4,1
177,0.028843031730502844,0.11058355122804642,4,1
178,0.05592430895194411,0.11124680936336517,4,1
179,0.011652169981971383,0.11892075836658478,4,1
180,0.02077810582704842,0.11953437328338623,4,1
181,0.02128842007368803,0.11713191121816635,4,1
0,0.4417722448706627,0.41607722640037537,4,2
1,0.36318419873714447,0.40675655007362366,4,2
2,0.4077497646212578,0.3953193426132202,4,2
3,0.39306290447711945,0.38065871596336365,4,2
4,0.3824342042207718,0.36738646030426025,4,2
5,0.35580457746982574,0.35483318567276,4,2
6,0.3532077744603157,0.3420966863632202,4,2
7,0.35344280302524567,0.3341628611087799,4,2
8,0.3215150907635689,0.32697319984436035,4,2
9,0.354125015437603,0.32366910576820374,4,2
10,0.3277570754289627,0.3167402744293213,4,2
11,0.3134671673178673,0.31336694955825806,4,2
12,0.3154947757720947,0.3117685914039612,4,2
13,0.3185833692550659,0.3088628053665161,4,2
14,0.3301471024751663,0.3051176965236664,4,2
15,0.26594360172748566,0.30167219042778015,4,2
16,0.29020024836063385,0.29959836602211,4,2
17,0.2819233573973179,0.3004184365272522,4,2
18,0.2866096943616867,0.300566166639328,4,2
19,0.2645457834005356,0.3019368350505829,4,2
20,0.24683920294046402,0.3012676239013672,4,2
21,0.265871275216341,0.30058690905570984,4,2
22,0.23744789138436317,0.29801738262176514,4,2
23,0.23328906670212746,0.29279404878616333,4,2
24,0.22896134853363037,0.2887526750564575,4,2
25,0.23924365639686584,0.2857475280761719,4,2
26,0.21835407614707947,0.28416621685028076,4,2
27,0.2202477864921093,0.2835260331630707,4,2
28,0.2241046242415905,0.2796918749809265,4,2
29,0.2149183452129364,0.28262966871261597,4,2
30,0.23988624662160873,0.28112369775772095,4,2
31,0.1962604783475399,0.2772274911403656,4,2
32,0.20962140336632729,0.2721070647239685,4,2
33,0.17659305036067963,0.27102524042129517,4,2
34,0.19421309977769852,0.2631121277809143,4,2
35,0.20887736231088638,0.26549646258354187,4,2
36,0.21258139982819557,0.26487573981285095,4,2
37,0.18423598259687424,0.26281845569610596,4,2
38,0.1534440815448761,0.2628498673439026,4,2
39,0.1505661979317665,0.26206034421920776,4,2
40,0.15235555544495583,0.2656928300857544,4,2
41,0.1502196118235588,0.2668359875679016,4,2
42,0.1358541753143072,0.2671273946762085,4,2
43,0.16943027824163437,0.26592907309532166,4,2
44,0.14038165286183357,0.26584315299987793,4,2
45,0.19349737092852592,0.27165746688842773,4,2
46,0.12576116435229778,0.26468032598495483,4,2
47,0.14658826403319836,0.2555926740169525,4,2
48,0.16278743371367455,0.2535908818244934,4,2
49,0.12964557111263275,0.2593054473400116,4,2
50,0.13749481923878193,0.26333755254745483,4,2
51,0.12712640687823296,0.27110737562179565,4,2
52,0.10246860422194004,0.2730378210544586,4,2
53,0.1283778753131628,0.2679938077926636,4,2
54,0.16621488519012928,0.26565098762512207,4,2
55,0.12625187262892723,0.2652352750301361,4,2
56,0.14642267301678658,0.2725016176700592,4,2
57,0.10221168026328087,0.2752934396266937,4,2
58,0.15201988071203232,0.2833411395549774,4,2
59,0.11477619595825672,0.28452903032302856,4,2
60,0.09763282723724842,0.2870921790599823,4,2
61,0.09965476207435131,0.2864014804363251,4,2
62,0.07972977589815855,0.29103049635887146,4,2
63,0.14400305971503258,0.2972714304924011,4,2
64,0.08827354945242405,0.2942665219306946,4,2
65,0.11758704483509064,0.2855638861656189,4,2
66,0.09909923002123833,0.28089913725852966,4,2
67,0.1093906071037054,0.28309112787246704,4,2
68,0.07560972589999437,0.2814028859138489,4,2
69,0.09259847179055214,0.28069186210632324,4,2
70,0.1326126717031002,0.29770737886428833,4,2
71,0.06352131441235542,0.29473042488098145,4,2
72,0.09724698960781097,0.3028967082500458,4,2
73,0.09598042909055948,0.3029637038707733,4,2
74,0.05006170831620693,0.30629339814186096,4,2
75,0.06998185254633427,0.3098948001861572,4,2
76,0.08315724600106478,0.3116655945777893,4,2
77,0.07919566798955202,0.3194807469844818,4,2
78,0.3362104706466198,0.3123941123485565,4,2
0,0.4880124554038048,0.4358586072921753,4,3
1,0.44656670093536377,0.4305906593799591,4,3
2,0.41471006721258163,0.42468583583831787,4,3
3,0.4180586412549019,0.4176267683506012,4,3
4,0.3921992778778076,0.40955373644828796,4,3
5,0.40092671662569046,0.3998592495918274,4,3
6,0.34632210433483124,0.3925313651561737,4,3
7,0.3781181126832962,0.3836469352245331,4,3
8,0.31402844935655594,0.3776954412460327,4,3
9,0.35221099853515625,0.3718150854110718,4,3
10,0.3296433836221695,0.36729881167411804,4,3
11,0.33579888194799423,0.36429551243782043,4,3
12,0.2963402643799782,0.3603353202342987,4,3
13,0.3151978552341461,0.35693392157554626,4,3
14,0.30348392575979233,0.3518301248550415,4,3
15,0.2826288565993309,0.34825679659843445,4,3
16,0.29353026300668716,0.34599238634109497,4,3
17,0.306911826133728,0.3406622111797333,4,3
18,0.26537206768989563,0.33385416865348816,4,3
19,0.2568705454468727,0.3310767114162445,4,3
20,0.2729407027363777,0.3309062123298645,4,3
21,0.30316783115267754,0.3243273198604584,4,3
22,0.23169491067528725,0.3175273835659027,4,3
23,0.27865782380104065,0.3119205832481384,4,3
24,0.2948695085942745,0.3087955415248871,4,3
25,0.24671310186386108,0.3033462464809418,4,3
26,0.25324102118611336,0.29970163106918335,4,3
27,0.23437371850013733,0.2957228124141693,4,3
28,0.20812275260686874,0.2921956181526184,4,3
29,0.2299911044538021,0.2891976535320282,4,3
30,0.23401181772351265,0.28657132387161255,4,3
31,0.19428982213139534,0.2851836681365967,4,3
32,0.1849307417869568,0.28604114055633545,4,3
33,0.17900200188159943,0.28426408767700195,4,3
34,0.22462023049592972,0.2865317761898041,4,3
35,0.24211952835321426,0.28751134872436523,4,3
36,0.21975834295153618,0.29180943965911865,4,3
37,0.19948498159646988,0.2909652888774872,4,3
38,0.1812233328819275,0.29518958926200867,4,3
39,0.1485961228609085,0.29663434624671936,4,3
40,0.20222477056086063,0.29453736543655396,4,3
41,0.15329340286552906,0.2981279790401459,4,3
42,0.13611656427383423,0.3020004630088806,4,3
43,0.16310790926218033,0.30426284670829773,4,3
44,0.1650289036333561,0.31202927231788635,4,3
45,0.17653965763747692,0.31993135809898376,4,3
46,0.1389002986252308,0.32816749811172485,4,3
47,0.1938150692731142,0.3313513696193695,4,3
48,0.1559657473117113,0.341595858335495,4,3
49,0.21467276848852634,0.34942418336868286,4,3
50,0.11098041757941246,0.3536379039287567,4,3
51,0.16318576410412788,0.3640463948249817,4,3
52,0.18332582153379917,0.3661879301071167,4,3
53,0.11742435395717621,0.36256852746009827,4,3
54,0.1040198802947998,0.3652518093585968,4,3
55,0.13962846994400024,0.3537830114364624,4,3
56,0.14783887937664986,0.35873425006866455,4,3
57,0.12691095285117626,0.380508691072464,4,3
58,0.0989778432995081,0.38989242911338806,4,3
59,0.1597460601478815,0.40334591269493103,4,3
60,0.08008603379130363,0.4215690791606903,4,3
61,0.14020497351884842,0.43348369002342224,4,3
62,0.09530333243310452,0.44049596786499023,4,3
63,0.0906987413764,0.4432052671909332,4,3
0,0.4008605107665062,0.4153253436088562,4,4
1,0.4021517112851143,0.4085112512111664,4,4
2,0.3991265594959259,0.3998921811580658,4,4
3,0.3978319987654686,0.3922797441482544,4,4
4,0.3849034085869789,0.3820292055606842,4,4
5,0.3243650794029236,0.37120774388313293,4,4
6,0.3443601131439209,0.3635288178920746,4,4
7,0.31786391139030457,0.3589977025985718,4,4
8,0.32745660096406937,0.3503686785697937,4,4
9,0.2788894400000572,0.3420468866825104,4,4
10,0.30392351001501083,0.33796802163124084,4,4
11,0.28246962279081345,0.3336704671382904,4,4
12,0.28962454944849014,0.3274451792240143,4,4
13,0.2622651979327202,0.32017940282821655,4,4
14,0.28042852878570557,0.3202730417251587,4,4
15,0.28803497552871704,0.3170548379421234,4,4
16,0.2794911786913872,0.3105555474758148,4,4
17,0.26703933253884315,0.30898231267929077,4,4
18,0.25493984296917915,0.30542442202568054,4,4
19,0.23351112380623817,0.30099278688430786,4,4
20,0.27911073341965675,0.29759693145751953,4,4
21,0.2170339822769165,0.29444819688796997,4,4
22,0.23636001348495483,0.29210397601127625,4,4
23,0.24068348482251167,0.2910836637020111,4,4
24,0.22825217247009277,0.2910706102848053,4,4
25,0.17812170460820198,0.2933772802352905,4,4
26,0.2090831957757473,0.2877142131328583,4,4
27,0.1838904209434986,0.28641825914382935,4,4
28,0.2321680262684822,0.2900320589542389,4,4
29,0.201633982360363,0.2922922670841217,4,4
30,0.18925771862268448,0.29098519682884216,4,4
31,0.19555316120386124,0.2910122871398926,4,4
32,0.20417135208845139,0.2890786826610565,4,4
33,0.19259105622768402,0.28842079639434814,4,4
34,0.22430579364299774,0.28689995408058167,4,4
35,0.1490796059370041,0.2882018983364105,4,4
36,0.16139448806643486,0.28363052010536194,4,4
37,0.19622430577874184,0.28447872400283813,4,4
38,0.1907067522406578,0.2890810966491699,4,4
39,0.154562845826149,0.2953362464904785,4,4
40,0.20079690590500832,0.2964176833629608,4,4
41,0.13144154101610184,0.2861136496067047,4,4
42,0.1446860209107399,0.2798575758934021,4,4
43,0.1340052131563425,0.27991533279418945,4,4
44,0.1346285678446293,0.28114253282546997,4,4
45,0.18253113701939583,0.2780451774597168,4,4
46,0.1480200905352831,0.2787298262119293,4,4
47,0.11785785481333733,0.28175225853919983,4,4
48,0.1260791514068842,0.27698981761932373,4,4
49,0.10573791526257992,0.27131566405296326,4,4
50,0.12105289660394192,0.27441495656967163,4,4
51,0.1094394102692604,0.2778540551662445,4,4
52,0.07308373972773552,0.28248900175094604,4,4
53,0.094123475253582,0.2875981330871582,4,4
54,0.11994381062686443,0.29104238748550415,4,4
55,0.1335307415574789,0.2924398183822632,4,4
56,0.07369031105190516,0.29698890447616577,4,4
57,0.09159815683960915,0.30354610085487366,4,4
58,0.07862084545195103,0.3153028190135956,4,4
59,0.1482124701142311,0.30829864740371704,4,4
60,0.09724968485534191,0.31312620639801025,4,4
61,0.15907319262623787,0.3370172381401062,4,4
62,0.08794406242668629,0.3325836658477783,4,4
63,0.10755668394267559,0.31741899251937866,4,4
64,0.07547003962099552,0.32717201113700867,4,4
65,0.107420414686203,0.34081026911735535,4,4
66,0.08316957857459784,0.3548646569252014,4,4
67,0.09325606375932693,0.35002604126930237,4,4
68,0.09599251113831997,0.3515263795852661,4,4
69,0.07979120314121246,0.3533758819103241,4,4
70,0.08204782009124756,0.3523939549922943,4,4
71,0.06448677368462086,0.34863194823265076,4,4
72,0.07266855053603649,0.34887921810150146,4,4
73,0.0903756245970726,0.3489333391189575,4,4
74,0.12911817245185375,0.35014966130256653,4,4
75,0.06744616851210594,0.37015634775161743,4,4
76,0.18648915085941553,0.3796612620353699,4,4
77,0.04684385750442743,0.40104374289512634,4,4
78,0.05085017438977957,0.3848262131214142,4,4
79,0.11046995222568512,0.3855612874031067,4,4
0,0.4731244742870331,0.4301682412624359,42,0
1,0.4115210920572281,0.42295700311660767,42,0
2,0.4429520219564438,0.41101381182670593,42,0
3,0.44047556072473526,0.39752715826034546,42,0
4,0.4425855055451393,0.38278043270111084,42,0
5,0.4134875684976578,0.3669685423374176,42,0
6,0.3965168744325638,0.3498837649822235,42,0
7,0.3798679932951927,0.33389928936958313,42,0
8,0.3335298076272011,0.3261817693710327,42,0
9,0.35633566230535507,0.31286418437957764,42,0
10,0.34626495093107224,0.30709731578826904,42,0
11,0.3673945814371109,0.2979506850242615,42,0
12,0.33687302470207214,0.29129594564437866,42,0
13,0.37406010180711746,0.28208765387535095,42,0
14,0.3070324584841728,0.27498310804367065,42,0
15,0.31280557066202164,0.2700520157814026,42,0
16,0.3079673871397972,0.2645171582698822,42,0
17,0.27850282937288284,0.263446569442749,42,0
18,0.2828889563679695,0.26097068190574646,42,0
19,0.3035380020737648,0.25389736890792847,42,0
20,0.2703924961388111,0.25006771087646484,42,0
21,0.2988077402114868,0.2474646121263504,42,0
22,0.26555680856108665,0.24392524361610413,42,0
23,0.33184435218572617,0.23661240935325623,42,0
24,0.2753996104001999,0.23296765983104706,42,0
25,0.26882683485746384,0.22659313678741455,42,0
26,0.21629085019230843,0.22488252818584442,42,0
27,0.2504865229129791,0.22556330263614655,42,0
28,0.24929354712367058,0.2233000546693802,42,0
29,0.21357642859220505,0.22307181358337402,42,0
30,0.2529013752937317,0.21931104362010956,42,0
31,0.21164817363023758,0.2121613770723343,42,0
32,0.23525070771574974,0.21344536542892456,42,0
33,0.19927341490983963,0.21089085936546326,42,0
34,0.21207526698708534,0.21105143427848816,42,0
35,0.262354988604784,0.20588251948356628,42,0
36,0.240642748773098,0.20705601572990417,42,0
37,0.20159915834665298,0.20593830943107605,42,0
38,0.2480747029185295,0.20630046725273132,42,0
39,0.20188667252659798,0.2094283401966095,42,0
40,0.2103937231004238,0.21190911531448364,42,0
41,0.21256106346845627,0.209709033370018,42,0
42,0.17330988682806492,0.21041207015514374,42,0
43,0.19361964985728264,0.21036022901535034,42,0
44,0.1955256313085556,0.21198542416095734,42,0
45,0.21259791031479836,0.21074403822422028,42,0
46,0.1882973611354828,0.21437156200408936,42,0
47,0.16542617976665497,0.21550261974334717,42,0
48,0.20098645240068436,0.2174912989139557,42,0
49,0.14577600359916687,0.2237606644630432,42,0
50,0.3356469925493002,0.21875044703483582,42,0
51,0.17257186397910118,0.21966314315795898,42,0
52,0.1769629754126072,0.23097769916057587,42,0
53,0.15952825918793678,0.23819173872470856,42,0
54,0.17984088882803917,0.24277369678020477,42,0
55,0.14037849009037018,0.24113090336322784,42,0
56,0.1450057365000248,0.23595739901065826,42,0
57,0.26025180146098137,0.22857871651649475,42,0
58,0.13333088532090187,0.21607884764671326,42,0
59,0.14868514239788055,0.20689217746257782,42,0
60,0.12864994630217552,0.20924416184425354,42,0
61,0.11796094477176666,0.20381580293178558,42,0
62,0.13627688586711884,0.19984975457191467,42,0
63,0.15441059321165085,0.2062021791934967,42,0
64,0.17499510385096073,0.20289884507656097,42,0
65,0.18530243448913097,0.19618436694145203,42,0
66,0.11978319101035595,0.19829733669757843,42,0
67,0.10914481617510319,0.19451670348644257,42,0
68,0.1317454595118761,0.1998387724161148,42,0
69,0.0923401266336441,0.19844433665275574,42,0
70,0.11580648832023144,0.20386986434459686,42,0
71,0.1665697917342186,0.20491795241832733,42,0
72,0.0891169011592865,0.2118239849805832,42,0
73,0.09734350442886353,0.2206690013408661,42,0
74,0.1164963897317648,0.2190716415643692,42,0
75,0.11351200938224792,0.21359887719154358,42,0
76,0.1205742247402668,0.21861176192760468,42,0
77,0.1308543849736452,0.22235167026519775,42,0
78,0.12165428325533867,0.223894402384758,42,0
79,0.1856241077184677,0.22651267051696777,42,0
80,0.09408806823194027,0.227929025888443,42,0
81,0.28302096389234066,0.23155905306339264,42,0
82,0.06648257374763489,0.22253553569316864,42,0
83,0.06652442552149296,0.21558448672294617,42,0
84,0.11721797101199627,0.21535570919513702,42,0
85,0.08777555730193853,0.20749658346176147,42,0
86,0.09043466486036777,0.200571209192276,42,0
87,0.10213832091540098,0.19386105239391327,42,0
88,0.08205863926559687,0.19486704468727112,42,0
89,0.10727419890463352,0.1920035034418106,42,0
90,0.14203316904604435,0.19751819968223572,42,0
91,0.17634701449424028,0.19602271914482117,42,0
92,0.0792783573269844,0.1978140026330948,42,0
93,0.07754785194993019,0.20852556824684143,42,0
94,0.05957386177033186,0.21307581663131714,42,0
95,0.0671631507575512,0.2148297280073166,42,0
96,0.0733254961669445,0.22106337547302246,42,0
97,0.08053724002093077,0.23208339512348175,42,0
98,0.24509302526712418,0.2505252957344055,42,0
99,0.07676313817501068,0.2595458924770355,42,0
100,0.04636418912559748,0.266907274723053,42,0
101,0.11820313148200512,0.27951741218566895,42,0
102,0.07936703134328127,0.26731249690055847,42,0
103,0.10381866618990898,0.2684137225151062,42,0
104,0.06603485159575939,0.27512794733047485,42,0
105,0.05416418798267841,0.2821570932865143,42,0
106,0.05019024666398764,0.2805570960044861,42,0
107,0.15557481348514557,0.27799999713897705,42,0
108,0.13167918380349874,0.27506303787231445,42,0
109,0.08635451830923557,0.2567512094974518,42,0
110,0.19017335772514343,0.2476213574409485,42,0
111,0.12597709614783525,0.25142496824264526,42,0
112,0.08048763405531645,0.25033724308013916,42,0
113,0.04134622681885958,0.24490851163864136,42,0
114,0.05643354915082455,0.2442658692598343,42,0
115,0.0627597882412374,0.24482335150241852,42,0
116,0.0651420708745718,0.2539125978946686,42,0
117,0.1357993483543396,0.25269004702568054,42,0
118,0.06956377159804106,0.2511981129646301,42,0
119,0.07463609147816896,0.25081419944763184,42,0
0,0.4831366613507271,0.4237763583660126,42,1
1,0.4424748793244362,0.41758641600608826,42,1
2,0.3850283622741699,0.4092077612876892,42,1
3,0.36769208312034607,0.3992975950241089,42,1
4,0.3770371526479721,0.3875564932823181,42,1
5,0.35519183427095413,0.37553101778030396,42,1
6,0.34575197100639343,0.3687502145767212,42,1
7,0.3431127071380615,0.3605504631996155,42,1
8,0.3045877367258072,0.35671788454055786,42,1
9,0.2745239995419979,0.3488113582134247,42,1
10,0.30300405621528625,0.3452221155166626,42,1
11,0.30761513113975525,0.33791181445121765,42,1
12,0.2695497237145901,0.3324972689151764,42,1
13,0.275966539978981,0.3274059295654297,42,1
14,0.27380430698394775,0.3235638737678528,42,1
15,0.2748936302959919,0.3203539550304413,42,1
16,0.26204393059015274,0.31862673163414,42,1
17,0.23593374341726303,0.3166281282901764,42,1
18,0.2581179104745388,0.31754010915756226,42,1
19,0.2387460134923458,0.31559595465660095,42,1
20,0.22394485771656036,0.3141656816005707,42,1
21,0.24130059778690338,0.3135424852371216,42,1
22,0.2506343424320221,0.30998021364212036,42,1
23,0.20379792153835297,0.3061061501502991,42,1
24,0.21655725315213203,0.3047422468662262,42,1
25,0.23572783544659615,0.30170759558677673,42,1
26,0.217482291162014,0.30110496282577515,42,1
27,0.17213929444551468,0.30260905623435974,42,1
28,0.17119724676012993,0.3040023446083069,42,1
29,0.20548326894640923,0.3038814663887024,42,1
30,0.18602197244763374,0.3007313311100006,42,1
31,0.17207770608365536,0.3031003475189209,42,1
32,0.17969783395528793,0.3029215931892395,42,1
33,0.20017541199922562,0.30192649364471436,42,1
34,0.1731434091925621,0.305397093296051,42,1
35,0.18250099569559097,0.30041348934173584,42,1
36,0.19848257303237915,0.3029032349586487,42,1
37,0.21268798038363457,0.30932289361953735,42,1
38,0.15737761370837688,0.31027138233184814,42,1
39,0.15016169473528862,0.31203100085258484,42,1
40,0.15304739773273468,0.3092452883720398,42,1
41,0.13347923383116722,0.3086141347885132,42,1
42,0.1496957689523697,0.30675801634788513,42,1
43,0.2435934729874134,0.30557137727737427,42,1
44,0.12669795006513596,0.30400773882865906,42,1
45,0.15069609507918358,0.30794191360473633,42,1
46,0.13391629233956337,0.30658018589019775,42,1
47,0.15247889421880245,0.30145394802093506,42,1
48,0.09789090603590012,0.3047347664833069,42,1
49,0.13034245930612087,0.299683153629303,42,1
50,0.14502118900418282,0.2982759475708008,42,1
51,0.15035733953118324,0.29594096541404724,42,1
52,0.09731919318437576,0.2938261926174164,42,1
53,0.08416946232318878,0.2936824560165405,42,1
54,0.08474870026111603,0.29339757561683655,42,1
55,0.09478419087827206,0.29840022325515747,42,1
56,0.11284246295690536,0.29871416091918945,42,1
57,0.10399201326072216,0.29965946078300476,42,1
58,0.07690546289086342,0.2952442765235901,42,1
59,0.15252606756985188,0.30066728591918945,42,1
60,0.08727878518402576,0.29954153299331665,42,1
61,0.08661760203540325,0.301510214805603,42,1
62,0.10142762772738934,0.300887793302536,42,1
63,0.09938914701342583,0.30366072058677673,42,1
64,0.07822647970169783,0.30341315269470215,42,1
65,0.11916271224617958,0.3060068190097809,42,1
66,0.08616826497018337,0.3073159456253052,42,1
67,0.14091493282467127,0.3099972903728485,42,1
68,0.07412443310022354,0.3058670163154602,42,1
69,0.12067387625575066,0.3086969554424286,42,1
70,0.09889696724712849,0.31390470266342163,42,1
71,0.17385434452444315,0.31443458795547485,42,1
72,0.09274538978934288,0.3176697790622711,42,1
73,0.11313160695135593,0.32284316420555115,42,1
74,0.07814521063119173,0.3238210082054138,42,1
75,0.07336185034364462,0.32502222061157227,42,1
76,0.12492518872022629,0.3235594928264618,42,1
77,0.07260423433035612,0.33201849460601807,42,1
78,0.07136962190270424,0.3412559926509857,42,1
79,0.12767459638416767,0.3424043357372284,42,1
80,0.0576642332598567,0.3397868871688843,42,1
81,0.06631364766508341,0.33706769347190857,42,1
82,0.06263842061161995,0.3386462926864624,42,1
83,0.07294018566608429,0.33947089314460754,42,1
84,0.1413118587806821,0.34439459443092346,42,1
0,0.4264231398701668,0.4377793073654175,42,2
1,0.3989434391260147,0.4305998682975769,42,2
2,0.3831634894013405,0.4241131544113159,42,2
3,0.4100826755166054,0.4163631200790405,42,2
4,0.38006696105003357,0.4093841314315796,42,2
5,0.37329530715942383,0.40243515372276306,42,2
6,0.34723711013793945,0.39773496985435486,42,2
7,0.3144892789423466,0.39264795184135437,42,2
8,0.3340762332081795,0.3913428485393524,42,2
9,0.31730204075574875,0.3900141417980194,42,2
10,0.29060279950499535,0.3911038935184479,42,2
11,0.28111208230257034,0.3915495276451111,42,2
12,0.30319275707006454,0.390715628862381,42,2
13,0.2641533948481083,0.3924485146999359,42,2
14,0.2920710928738117,0.39029863476753235,42,2
15,0.2580951377749443,0.3959487974643707,42,2
16,0.24246398359537125,0.394400954246521,42,2
17,0.30548718199133873,0.4018033444881439,42,2
18,0.2974887639284134,0.40753045678138733,42,2
19,0.2607153169810772,0.4126465916633606,42,2
20,0.24769698828458786,0.41757336258888245,42,2
21,0.23680122569203377,0.4197242856025696,42,2
22,0.2226211354136467,0.4207264482975006,42,2
23,0.25393594801425934,0.42594993114471436,42,2
24,0.2258191742002964,0.43584397435188293,42,2
25,0.28763431683182716,0.44530099630355835,42,2
26,0.2570088915526867,0.46337082982063293,42,2
27,0.2139786183834076,0.4451901316642761,42,2
28,0.2273840233683586,0.4484047293663025,42,2
29,0.17165537178516388,0.4585246443748474,42,2
30,0.17100559175014496,0.4679759740829468,42,2
31,0.19976389780640602,0.46515655517578125,42,2
32,0.17562801018357277,0.4736080467700958,42,2
33,0.17692020907998085,0.48110154271125793,42,2
34,0.15358494222164154,0.48716622591018677,42,2
35,0.198134396225214,0.4969988763332367,42,2
36,0.15270807966589928,0.504963755607605,42,2
37,0.16513675265014172,0.5094643831253052,42,2
38,0.16171357780694962,0.5221468210220337,42,2
39,0.19162100553512573,0.5340383052825928,42,2
0,0.42651043832302094,0.42301037907600403,42,3
1,0.4480763301253319,0.41725143790245056,42,3
2,0.3941255062818527,0.4113211929798126,42,3
3,0.3637969419360161,0.40471118688583374,42,3
4,0.37728287279605865,0.39925211668014526,42,3
5,0.3704925402998924,0.3905957341194153,42,3
6,0.36747725307941437,0.38258323073387146,42,3
7,0.33833154290914536,0.376486599445343,42,3
8,0.3306199088692665,0.37253251671791077,42,3
9,0.3475181460380554,0.3693335950374603,42,3
10,0.30933037400245667,0.36522355675697327,42,3
11,0.29518529772758484,0.36036983132362366,42,3
12,0.3044732138514519,0.35813066363334656,42,3
13,0.2809997797012329,0.3574477732181549,42,3
14,0.28335604071617126,0.35427185893058777,42,3
15,0.29168810322880745,0.3479209244251251,42,3
16,0.2409008853137493,0.35072463750839233,42,3
17,0.26459864526987076,0.3499073386192322,42,3
18,0.26433390006422997,0.3514364957809448,42,3
19,0.24789144098758698,0.34097039699554443,42,3
20,0.29702944308519363,0.34629783034324646,42,3
21,0.22119486331939697,0.3436059355735779,42,3
22,0.23471328988671303,0.34043267369270325,42,3
23,0.20761632919311523,0.33860424160957336,42,3
24,0.22364304959774017,0.33682379126548767,42,3
25,0.2457299642264843,0.33783021569252014,42,3
26,0.234762504696846,0.3357188403606415,42,3
27,0.1898808367550373,0.33729591965675354,42,3
28,0.19746919721364975,0.34099772572517395,42,3
29,0.19042830541729927,0.3398507237434387,42,3
30,0.207026906311512,0.3380322754383087,42,3
31,0.1777222380042076,0.33436331152915955,42,3
32,0.26242244616150856,0.33760201930999756,42,3
33,0.16633401811122894,0.34290850162506104,42,3
34,0.17000482231378555,0.3356197476387024,42,3
35,0.16802030429244041,0.3401890695095062,42,3
36,0.1518702171742916,0.3409639298915863,42,3
37,0.13484027236700058,0.34252992272377014,42,3
38,0.14646902307868004,0.3433587849140167,42,3
39,0.14918202906847,0.34939324855804443,42,3
40,0.1517923455685377,0.34766772389411926,42,3
41,0.1793691497296095,0.3433321714401245,42,3
42,0.2002311758697033,0.3531833589076996,42,3
43,0.17122380249202251,0.3556385934352875,42,3
44,0.17469331249594688,0.36314645409584045,42,3
45,0.11384217068552971,0.36879056692123413,42,3
46,0.14209329336881638,0.36504584550857544,42,3
47,0.13133903592824936,0.3631310760974884,42,3
48,0.18583157286047935,0.3448270857334137,42,3
49,0.109072120860219,0.3496193587779999,42,3
50,0.09790514968335629,0.35438504815101624,42,3
51,0.15278878435492516,0.3507205843925476,42,3
52,0.10613258555531502,0.35688573122024536,42,3
53,0.11806987598538399,0.3623465895652771,42,3
54,0.11323197279125452,0.356819748878479,42,3
55,0.16401836834847927,0.34299299120903015,42,3
56,0.11911977455019951,0.3478466272354126,42,3
57,0.08906522486358881,0.3431253731250763,42,3
58,0.07606166414916515,0.3519227206707001,42,3
59,0.10718612559139729,0.3478953540325165,42,3
60,0.11250439286231995,0.35856133699417114,42,3
61,0.0741165354847908,0.3459344208240509,42,3
0,0.4135625436902046,0.3951711356639862,42,4
1,0.40311937034130096,0.38640549778938293,42,4
2,0.4012562781572342,0.3781697452068329,42,4
3,0.35895368456840515,0.3648087680339813,42,4
4,0.37875838577747345,0.35335686802864075,42,4
5,0.3528203144669533,0.3441654145717621,42,4
6,0.3598348796367645,0.3364267647266388,42,4
7,0.31929294764995575,0.32528114318847656,42,4
8,0.3258223757147789,0.31358134746551514,42,4
9,0.3198205828666687,0.3136214017868042,42,4
10,0.3141709938645363,0.31379592418670654,42,4
11,0.2870306000113487,0.3101668357849121,42,4
12,0.2789052054286003,0.306744247674942,42,4
13,0.28210461139678955,0.3009363114833832,42,4
14,0.25682488828897476,0.2968672513961792,42,4
15,0.26620567217469215,0.2879558503627777,42,4
16,0.24220992252230644,0.2831870913505554,42,4
17,0.2514188326895237,0.2767411470413208,42,4
18,0.26025378704071045,0.27266794443130493,42,4
19,0.23546285554766655,0.26492422819137573,42,4
20,0.23390137404203415,0.2607347369194031,42,4
21,0.23839113861322403,0.2588927745819092,42,4
22,0.22587170079350471,0.2557936906814575,42,4
23,0.24155243486166,0.24944691359996796,42,4
24,0.2355683259665966,0.2442699670791626,42,4
25,0.23375466465950012,0.23945096135139465,42,4
26,0.19925854727625847,0.24061286449432373,42,4
27,0.19002551212906837,0.2347482591867447,42,4
28,0.19189459457993507,0.22330977022647858,42,4
29,0.1911693997681141,0.22391963005065918,42,4
30,0.2138608992099762,0.22234266996383667,42,4
31,0.17908664420247078,0.220941960811615,42,4
32,0.25453249365091324,0.21814800798892975,42,4
33,0.17893662862479687,0.21016837656497955,42,4
34,0.1371183954179287,0.21228532493114471,42,4
35,0.15868238732218742,0.21223117411136627,42,4
36,0.15630248188972473,0.20478494465351105,42,4
37,0.13871821016073227,0.19977515935897827,42,4
38,0.1617022380232811,0.20270763337612152,42,4
39,0.1338781826198101,0.19751717150211334,42,4
40,0.18768508359789848,0.1970108598470688,42,4
41,0.12875552475452423,0.19827312231063843,42,4
42,0.1342700719833374,0.1946776956319809,42,4
43,0.13890457153320312,0.18787319958209991,42,4
44,0.20453861355781555,0.18223057687282562,42,4
45,0.13743929006159306,0.176461324095726,42,4
46,0.18425588682293892,0.16762752830982208,42,4
47,0.1467509027570486,0.16940580308437347,42,4
48,0.1315123364329338,0.16695374250411987,42,4
49,0.15705204382538795,0.16981099545955658,42,4
50,0.1010183822363615,0.16845355927944183,42,4
51,0.10618054307997227,0.1753242164850235,42,4
52,0.14040323346853256,0.1698465794324875,42,4
53,0.1381387859582901,0.16540518403053284,42,4
54,0.10666300170123577,0.16511192917823792,42,4
55,0.1014002300798893,0.16311883926391602,42,4
56,0.09990743733942509,0.16071732342243195,42,4
57,0.08217932470142841,0.16327998042106628,42,4
58,0.09953578375279903,0.15486451983451843,42,4
59,0.09856019541621208,0.16157113015651703,42,4
60,0.11414655111730099,0.16058048605918884,42,4
61,0.14105476066470146,0.1595657616853714,42,4
62,0.09714397601783276,0.15888038277626038,42,4
63,0.08338579721748829,0.15302525460720062,42,4
64,0.07012111507356167,0.15147915482521057,42,4
65,0.06310310028493404,0.15544359385967255,42,4
66,0.09212938509881496,0.1592826545238495,42,4
67,0.08339686319231987,0.14949320256710052,42,4
68,0.0676563922315836,0.149954155087471,42,4
69,0.07451473083347082,0.14613980054855347,42,4
70,0.07534330617636442,0.14833137392997742,42,4
71,0.059942955151200294,0.13857410848140717,42,4
72,0.05540603492408991,0.13926124572753906,42,4
73,0.06242132093757391,0.13347715139389038,42,4
74,0.08413928840309381,0.13061460852622986,42,4
75,0.3859142158180475,0.1227370873093605,42,4
76,0.06725413911044598,0.12660853564739227,42,4
77,0.06897949054837227,0.13425998389720917,42,4
78,0.08346121665090322,0.13234388828277588,42,4
79,0.08446713350713253,0.1418595165014267,42,4
80,0.07262006588280201,0.15033355355262756,42,4
81,0.06379015278071165,0.14630472660064697,42,4
82,0.05869389325380325,0.14501117169857025,42,4
83,0.11175516061484814,0.14421391487121582,42,4
84,0.0456693721935153,0.1427682638168335,42,4
85,0.042720524594187737,0.14384019374847412,42,4
86,0.2695285240188241,0.13700154423713684,42,4
87,0.04605970066040754,0.14665532112121582,42,4
88,0.054859316907823086,0.15122686326503754,42,4
89,0.052402742207050323,0.1521301120519638,42,4
90,0.0642007002606988,0.15905223786830902,42,4
91,0.05893468298017979,0.15830585360527039,42,4
92,0.042989982292056084,0.15972717106342316,42,4
93,0.04563665436580777,0.16153894364833832,42,4
94,0.04937487142160535,0.1614421010017395,42,4
95,0.06283292081207037,0.15703770518302917,42,4
96,0.05360921658575535,0.15427035093307495,42,4
97,0.04134345147758722,0.15675213932991028,42,4
98,0.08432416245341301,0.15004082024097443,42,4
99,0.03704547788947821,0.15550930798053741,42,4
100,0.15628582891076803,0.15942254662513733,42,4
101,0.034858628176152706,0.15412648022174835,42,4
102,0.07310460461303592,0.1509520411491394,42,4
103,0.1024436173029244,0.15700143575668335,42,4
104,0.059627247508615255,0.15007689595222473,42,4
105,0.035237882286310196,0.1374313235282898,42,4
0,0.4603860154747963,0.426192969083786,123,0
1,0.44221295416355133,0.4180108904838562,123,0
2,0.38364601135253906,0.4107370674610138,123,0
3,0.43780218064785004,0.4039445221424103,123,0
4,0.40468861162662506,0.39502355456352234,123,0
5,0.4298766925930977,0.38552728295326233,123,0
6,0.3759261816740036,0.3770033121109009,123,0
7,0.36409589648246765,0.3691484034061432,123,0
8,0.3056992441415787,0.3655839264392853,123,0
9,0.35495324432849884,0.3530293405056,123,0
10,0.29976581037044525,0.3482617139816284,123,0
11,0.3291682004928589,0.34270891547203064,123,0
12,0.3206260874867439,0.34236323833465576,123,0
13,0.31969399005174637,0.3412448465824127,123,0
14,0.2697127237915993,0.3371625244617462,123,0
15,0.3093223571777344,0.32638537883758545,123,0
16,0.2798086851835251,0.3262624442577362,123,0
17,0.254490751773119,0.3277004361152649,123,0
18,0.2683045417070389,0.3259700834751129,123,0
19,0.29470325261354446,0.3228246867656708,123,0
20,0.2873986139893532,0.3232964277267456,123,0
21,0.2824108488857746,0.3199318051338196,123,0
22,0.27264268696308136,0.31794607639312744,123,0
23,0.28679463267326355,0.3182925581932068,123,0
24,0.226743396371603,0.31714314222335815,123,0
25,0.2540007308125496,0.3110421895980835,123,0
26,0.26196521893143654,0.30784082412719727,123,0
27,0.27511002868413925,0.3093288838863373,123,0
28,0.23785282671451569,0.3130008280277252,123,0
29,0.22572804614901543,0.3101606070995331,123,0
30,0.21031419932842255,0.31207334995269775,123,0
31,0.27862072736024857,0.30991312861442566,123,0
32,0.18550781160593033,0.30616340041160583,123,0
33,0.19922837987542152,0.31138545274734497,123,0
34,0.18626637011766434,0.3109999895095825,123,0
35,0.20795588940382004,0.3111020028591156,123,0
36,0.19960762187838554,0.31075042486190796,123,0
37,0.16790788993239403,0.3078118860721588,123,0
38,0.19581642001867294,0.3119102418422699,123,0
39,0.19742341712117195,0.3118143677711487,123,0
40,0.19493604451417923,0.31818684935569763,123,0
41,0.1568935476243496,0.3189144730567932,123,0
42,0.16755415499210358,0.3165856897830963,123,0
43,0.15451061353087425,0.3106950521469116,123,0
44,0.15255186706781387,0.31053483486175537,123,0
45,0.18723668530583382,0.3089442253112793,123,0
46,0.1263723000884056,0.31754666566848755,123,0
47,0.2005339190363884,0.3252289295196533,123,0
48,0.11460239626467228,0.32495006918907166,123,0
49,0.142675943672657,0.321702778339386,123,0
50,0.24053792282938957,0.3215656876564026,123,0
51,0.12310562841594219,0.3226566016674042,123,0
52,0.1413575503975153,0.32291358709335327,123,0
53,0.1477353684604168,0.3218142092227936,123,0
54,0.12343966215848923,0.3268513083457947,123,0
55,0.11899656429886818,0.32745832204818726,123,0
56,0.1792492400854826,0.33562228083610535,123,0
57,0.0971963219344616,0.3446507751941681,123,0
58,0.132383169606328,0.35703954100608826,123,0
59,0.14307930506765842,0.37159234285354614,123,0
60,0.1525196060538292,0.39334967732429504,123,0
61,0.13334869407117367,0.3866771161556244,123,0
62,0.08333904482424259,0.3723272979259491,123,0
0,0.4322260841727257,0.4197029769420624,123,1
1,0.4380529895424843,0.41588523983955383,123,1
2,0.4532550945878029,0.40971696376800537,123,1
3,0.4017578363418579,0.4048517346382141,123,1
4,0.38892798125743866,0.3985280692577362,123,1
5,0.38417143374681473,0.3915327191352844,123,1
6,0.35000574588775635,0.386107474565506,123,1
7,0.3365444839000702,0.3847934901714325,123,1
8,0.3286431059241295,0.3779100775718689,123,1
9,0.33685435354709625,0.37767043709754944,123,1
10,0.30104485154151917,0.37424811720848083,123,1
11,0.28831784799695015,0.37188920378685,123,1
12,0.2961604446172714,0.3675142824649811,123,1
13,0.2942282557487488,0.361205518245697,123,1
14,0.268652968108654,0.36219003796577454,123,1
15,0.3173258453607559,0.3574813902378082,123,1
16,0.283265195786953,0.3523610234260559,123,1
17,0.25047171115875244,0.3502254784107208,123,1
18,0.25704843178391457,0.35017555952072144,123,1
19,0.2530302181839943,0.34634822607040405,123,1
20,0.23142588138580322,0.3428569436073303,123,1
21,0.26850470900535583,0.3390679657459259,123,1
22,0.2462415248155594,0.33957651257514954,123,1
23,0.25033389776945114,0.3380613625049591,123,1
24,0.23139794170856476,0.33762556314468384,123,1
25,0.2218148075044155,0.33977416157722473,123,1
26,0.22414057329297066,0.342140257358551,123,1
27,0.20840949192643166,0.3420565724372864,123,1
28,0.21390553191304207,0.3383032977581024,123,1
29,0.16901646554470062,0.3379400372505188,123,1
30,0.1798739768564701,0.34011510014533997,123,1
31,0.19745270907878876,0.34511253237724304,123,1
32,0.16902556270360947,0.34198954701423645,123,1
33,0.16635976545512676,0.34237730503082275,123,1
34,0.19945239275693893,0.34803929924964905,123,1
35,0.1935420148074627,0.345684677362442,123,1
36,0.21928193792700768,0.34794238209724426,123,1
37,0.1804894059896469,0.3483172357082367,123,1
38,0.20317671820521355,0.349588543176651,123,1
39,0.14100496843457222,0.35147520899772644,123,1
40,0.1576039232313633,0.3525770306587219,123,1
41,0.14256786182522774,0.35441386699676514,123,1
42,0.15168600529432297,0.3524802327156067,123,1
43,0.1485578566789627,0.34977975487709045,123,1
44,0.11377669498324394,0.34986412525177,123,1
45,0.1623171977698803,0.34822529554367065,123,1
46,0.16350392811000347,0.3591868579387665,123,1
47,0.17923158034682274,0.35875698924064636,123,1
48,0.19363220781087875,0.36135560274124146,123,1
49,0.09726165235042572,0.363626092672348,123,1
50,0.13644395023584366,0.3629433810710907,123,1
51,0.14766092598438263,0.3629899322986603,123,1
52,0.1079755648970604,0.363315224647522,123,1
53,0.08784373849630356,0.3613232374191284,123,1
54,0.1113746128976345,0.3672735095024109,123,1
0,0.4481934383511543,0.42970404028892517,123,2
1,0.4280393719673157,0.415689617395401,123,2
2,0.39948389679193497,0.39904534816741943,123,2
3,0.42605268955230713,0.3807031810283661,123,2
4,0.37556201219558716,0.35921353101730347,123,2
5,0.38199351727962494,0.3385709226131439,123,2
6,0.37671368569135666,0.3181624114513397,123,2
7,0.3498183712363243,0.3051243722438812,123,2
8,0.3406529799103737,0.29239675402641296,123,2
9,0.30713123828172684,0.2818738520145416,123,2
10,0.33398472517728806,0.2730691730976105,123,2
11,0.3224150389432907,0.26453056931495667,123,2
12,0.33740902692079544,0.2573646903038025,123,2
13,0.3121374100446701,0.25117748975753784,123,2
14,0.3217659443616867,0.24400457739830017,123,2
15,0.27667442709207535,0.23890849947929382,123,2
16,0.28314652293920517,0.23093685507774353,123,2
17,0.28134191781282425,0.22375090420246124,123,2
18,0.29259859025478363,0.21951855719089508,123,2
19,0.24767694622278214,0.2171814739704132,123,2
20,0.2612244486808777,0.20841950178146362,123,2
21,0.2897649183869362,0.2036573737859726,123,2
22,0.2856385298073292,0.20229503512382507,123,2
23,0.2925601862370968,0.1991020292043686,123,2
24,0.25123991444706917,0.19830098748207092,123,2
25,0.2369445227086544,0.1888628900051117,123,2
26,0.21449171379208565,0.18853501975536346,123,2
27,0.21781251206994057,0.1867370754480362,123,2
28,0.24289269745349884,0.177215114235878,123,2
29,0.3492641784250736,0.17314769327640533,123,2
30,0.24343236535787582,0.1706259697675705,123,2
31,0.25862209871411324,0.17091964185237885,123,2
32,0.2294119894504547,0.17334643006324768,123,2
33,0.22441908344626427,0.16546064615249634,123,2
34,0.2417680136859417,0.16124022006988525,123,2
35,0.20854320749640465,0.15989701449871063,123,2
36,0.19204522296786308,0.16295497119426727,123,2
37,0.17713306099176407,0.16143345832824707,123,2
38,0.2512873113155365,0.16038888692855835,123,2
39,0.16225319728255272,0.1590377688407898,123,2
40,0.18044210970401764,0.16048425436019897,123,2
41,0.20767689123749733,0.15637192130088806,123,2
42,0.17319337278604507,0.15609875321388245,123,2
43,0.17522453889250755,0.15470510721206665,123,2
44,0.1833166480064392,0.15046995878219604,123,2
45,0.1508948914706707,0.15268227458000183,123,2
46,0.17099382355809212,0.15190118551254272,123,2
47,0.14322403073310852,0.15106439590454102,123,2
48,0.13876307755708694,0.1473725289106369,123,2
49,0.14024528115987778,0.14715194702148438,123,2
50,0.1530170701444149,0.1450749635696411,123,2
51,0.12086628936231136,0.14587615430355072,123,2
52,0.1382967084646225,0.1485048085451126,123,2
53,0.17398842424154282,0.14407117664813995,123,2
54,0.1189487986266613,0.1422557830810547,123,2
55,0.14306610077619553,0.14247934520244598,123,2
56,0.15775213576853275,0.14389543235301971,123,2
57,0.14777722768485546,0.1399899274110794,123,2
58,0.14079121127724648,0.13734064996242523,123,2
59,0.0962829627096653,0.13655339181423187,123,2
60,0.11873622052371502,0.13702477514743805,123,2
61,0.1160350888967514,0.13048069179058075,123,2
62,0.10092652775347233,0.1329941600561142,123,2
63,0.11676673591136932,0.13588790595531464,123,2
64,0.16951196268200874,0.14408016204833984,123,2
65,0.1010490171611309,0.14807114005088806,123,2
66,0.1277841553092003,0.13930103182792664,123,2
67,0.06660438608378172,0.1463814526796341,123,2
68,0.09255766682326794,0.1523548811674118,123,2
69,0.0838617468252778,0.15029937028884888,123,2
70,0.08290199562907219,0.1550201028585434,123,2
71,0.11017436254769564,0.15689341723918915,123,2
72,0.07813052739948034,0.15756921470165253,123,2
73,0.07754182815551758,0.15026426315307617,123,2
74,0.13589023612439632,0.15848879516124725,123,2
75,0.09481167048215866,0.1633267104625702,123,2
76,0.07570844236761332,0.16896453499794006,123,2
77,0.0647493228316307,0.17473401129245758,123,2
78,0.13131866231560707,0.17458762228488922,123,2
79,0.06069132871925831,0.1679152101278305,123,2
80,0.05718816816806793,0.1686086505651474,123,2
81,0.0785928824916482,0.17053912580013275,123,2
82,0.12508337758481503,0.1672763079404831,123,2
83,0.08888083137571812,0.1622699499130249,123,2
84,0.06340006738901138,0.1557813584804535,123,2
85,0.06094679608941078,0.14941802620887756,123,2
86,0.04624395119026303,0.14512914419174194,123,2
87,0.05356868356466293,0.15082405507564545,123,2
88,0.061844986863434315,0.15405794978141785,123,2
89,0.05844755284488201,0.14973191916942596,123,2
90,0.05327280145138502,0.15021562576293945,123,2
91,0.05167507752776146,0.1480584591627121,123,2
0,0.43381650000810623,0.4253651797771454,123,3
1,0.4507550150156021,0.4173871874809265,123,3
2,0.3913147449493408,0.40927058458328247,123,3
3,0.39061492681503296,0.4018779695034027,123,3
4,0.3686571940779686,0.3926143944263458,123,3
5,0.3551693856716156,0.38490596413612366,123,3
6,0.36182841658592224,0.3806808590888977,123,3
7,0.33386239409446716,0.37611180543899536,123,3
8,0.3248503915965557,0.3714969754219055,123,3
9,0.32416899502277374,0.36927106976509094,123,3
10,0.3519388809800148,0.36829835176467896,123,3
11,0.3627055957913399,0.36761775612831116,123,3
12,0.33163976669311523,0.36841675639152527,123,3
13,0.27077726647257805,0.373369038105011,123,3
14,0.28650159761309624,0.37063607573509216,123,3
15,0.2851846367120743,0.3692544102668762,123,3
16,0.287736140191555,0.37649431824684143,123,3
17,0.2430613748729229,0.376372367143631,123,3
18,0.2549612484872341,0.3733592927455902,123,3
19,0.27889367565512657,0.3732494115829468,123,3
20,0.2679634876549244,0.3730390965938568,123,3
21,0.26988277584314346,0.37759917974472046,123,3
22,0.2204371765255928,0.37687236070632935,123,3
23,0.27303966134786606,0.3752560317516327,123,3
24,0.28632841259241104,0.3797799050807953,123,3
25,0.2098429724574089,0.3794914186000824,123,3
26,0.2374117113649845,0.38076072931289673,123,3
27,0.20309479162096977,0.38281625509262085,123,3
28,0.19375045225024223,0.38200461864471436,123,3
29,0.2294030375778675,0.3845912516117096,123,3
30,0.2049560621380806,0.38892656564712524,123,3
31,0.17162207141518593,0.3990015387535095,123,3
32,0.2563338987529278,0.39976632595062256,123,3
33,0.14710093289613724,0.40358492732048035,123,3
34,0.2246001660823822,0.4175437092781067,123,3
35,0.19532844424247742,0.4267229437828064,123,3
36,0.16235921904444695,0.4237229526042938,123,3
37,0.18923892825841904,0.4245801270008087,123,3
38,0.273126732558012,0.4204183518886566,123,3
39,0.15170320123434067,0.42129722237586975,123,3
40,0.12925012409687042,0.4160560667514801,123,3
41,0.18427008017897606,0.43787887692451477,123,3
0,0.4431314468383789,0.41279223561286926,123,4
1,0.4270387664437294,0.40567129850387573,123,4
2,0.4555854871869087,0.3964215815067291,123,4
3,0.4118250608444214,0.3859148919582367,123,4
4,0.4137381613254547,0.37230342626571655,123,4
5,0.3383747562766075,0.3609901964664459,123,4
6,0.35616161674261093,0.34849271178245544,123,4
7,0.3446723744273186,0.33980098366737366,123,4
8,0.3265841156244278,0.3313515782356262,123,4
9,0.3005639836192131,0.32873815298080444,123,4
10,0.290274515748024,0.32497304677963257,123,4
11,0.3148963004350662,0.318885862827301,123,4
12,0.26336702704429626,0.3136281371116638,123,4
13,0.3046276196837425,0.3092905580997467,123,4
14,0.2785025127232075,0.30707240104675293,123,4
15,0.29460297524929047,0.3038061857223511,123,4
16,0.26322170719504356,0.29888200759887695,123,4
17,0.2737416662275791,0.29630839824676514,123,4
18,0.24863069504499435,0.29319438338279724,123,4
19,0.2881257012486458,0.29170936346054077,123,4
20,0.22453320026397705,0.2899678349494934,123,4
21,0.24936333298683167,0.29050156474113464,123,4
22,0.22923505306243896,0.2863408327102661,123,4
23,0.23220811411738396,0.28859788179397583,123,4
24,0.23029641434550285,0.28894227743148804,123,4
25,0.2116500698029995,0.28426095843315125,123,4
26,0.237556841224432,0.28111541271209717,123,4
27,0.21700652316212654,0.27378711104393005,123,4
28,0.22094687446951866,0.2729901671409607,123,4
29,0.2117164358496666,0.2744089365005493,123,4
30,0.20928949117660522,0.2802917957305908,123,4
31,0.1715325340628624,0.2742970287799835,123,4
32,0.189968915656209,0.27444249391555786,123,4
33,0.18709463998675346,0.27552565932273865,123,4
34,0.18275970593094826,0.27590951323509216,123,4
35,0.16379651054739952,0.27515217661857605,123,4
36,0.1873718872666359,0.27595487236976624,123,4
37,0.16899739392101765,0.2778778076171875,123,4
38,0.16369559615850449,0.2756011486053467,123,4
39,0.1656140722334385,0.27682891488075256,123,4
40,0.1561288684606552,0.27344533801078796,123,4
41,0.1405226606875658,0.26982468366622925,123,4
42,0.13405892439186573,0.2789056897163391,123,4
43,0.13940398581326008,0.2833873927593231,123,4
44,0.13219998218119144,0.2780415415763855,123,4
45,0.1388580072671175,0.2862996757030487,123,4
46,0.15864812210202217,0.2841230630874634,123,4
47,0.13352181389927864,0.2867506742477417,123,4
48,0.14487995207309723,0.28745952248573303,123,4
49,0.10210425592958927,0.28748956322669983,123,4
50,0.12163180857896805,0.2931947112083435,123,4
51,0.15590860322117805,0.29069042205810547,123,4
52,0.12638269551098347,0.2913517653942108,123,4
53,0.100523691624403,0.29043900966644287,123,4
54,0.14624697342514992,0.28858470916748047,123,4
55,0.10113085247576237,0.3030146360397339,123,4
56,0.08436025120317936,0.3104900121688843,123,4
57,0.1066229771822691,0.31629401445388794,123,4
58,0.14350782334804535,0.3028757572174072,123,4
59,0.09488479606807232,0.32228389382362366,123,4
60,0.09417844377458096,0.32947951555252075,123,4
61,0.0879533663392067,0.332711398601532,123,4
62,0.09917456656694412,0.34854596853256226,123,4
63,0.10740767046809196,0.3489297330379486,123,4
64,0.07707562670111656,0.3576740622520447,123,4
65,0.09686885215342045,0.3712606132030487,123,4
66,0.05651463754475117,0.38086840510368347,123,4
67,0.08761865273118019,0.38485708832740784,123,4
68,0.06445979606360197,0.37730154395103455,123,4
69,0.11415436863899231,0.38725969195365906,123,4
70,0.07697985135018826,0.38240906596183777,123,4
71,0.05670576263219118,0.3897479474544525,123,4
0,0.4783192202448845,0.4575989544391632,2024,0
1,0.4643373414874077,0.45611992478370667,2024,0
2,0.45667269825935364,0.4523311257362366,2024,0
3,0.4665902853012085,0.44537410140037537,2024,0
4,0.42181384563446045,0.4339148998260498,2024,0
5,0.40344513952732086,0.42602866888046265,2024,0
6,0.4017278552055359,0.4164407551288605,2024,0
7,0.3996214494109154,0.40758195519447327,2024,0
8,0.3545333072543144,0.39882320165634155,2024,0
9,0.3556264489889145,0.38972264528274536,2024,0
10,0.36354078352451324,0.3853355944156647,2024,0
11,0.32891567051410675,0.3802284598350525,2024,0
12,0.35170837491750717,0.3803802728652954,2024,0
13,0.333512619137764,0.37697407603263855,2024,0
14,0.2896493673324585,0.3671780526638031,2024,0
15,0.27617548033595085,0.36343395709991455,2024,0
16,0.3072957992553711,0.35648399591445923,2024,0
17,0.2809967175126076,0.3583678901195526,2024,0
18,0.29771627485752106,0.35712942481040955,2024,0
19,0.27679556980729103,0.35260501503944397,2024,0
20,0.25754499062895775,0.35111504793167114,2024,0
21,0.2966156303882599,0.35093969106674194,2024,0
22,0.263633381575346,0.34896430373191833,2024,0
23,0.2658320516347885,0.3433413803577423,2024,0
24,0.2570962943136692,0.34301888942718506,2024,0
25,0.22146621719002724,0.3436264395713806,2024,0
26,0.2773846462368965,0.33986085653305054,2024,0
27,0.26022637635469437,0.33495375514030457,2024,0
28,0.2944749593734741,0.33788827061653137,2024,0
29,0.21749314293265343,0.33566591143608093,2024,0
30,0.23911094665527344,0.3339051902294159,2024,0
31,0.2635761648416519,0.3329324722290039,2024,0
32,0.25964126735925674,0.32922542095184326,2024,0
33,0.22154571115970612,0.33025309443473816,2024,0
34,0.21695074066519737,0.32553863525390625,2024,0
35,0.21016955003142357,0.3205758035182953,2024,0
36,0.2169104479253292,0.32105693221092224,2024,0
37,0.179848313331604,0.31681811809539795,2024,0
38,0.179868184030056,0.3173317611217499,2024,0
39,0.1767715886235237,0.3161488175392151,2024,0
40,0.21367010474205017,0.3144789934158325,2024,0
41,0.1826670691370964,0.30800318717956543,2024,0
42,0.15410742163658142,0.30961713194847107,2024,0
43,0.1529759131371975,0.30959445238113403,2024,0
44,0.21990109235048294,0.3059566020965576,2024,0
45,0.19616441056132317,0.30695176124572754,2024,0
46,0.14299309626221657,0.30410146713256836,2024,0
47,0.17936687171459198,0.2997877597808838,2024,0
48,0.13395066186785698,0.2972993850708008,2024,0
49,0.1568838469684124,0.2963472902774811,2024,0
50,0.17779721692204475,0.29298135638237,2024,0
51,0.15710816346108913,0.2930453419685364,2024,0
52,0.24703608080744743,0.2940777540206909,2024,0
53,0.13263432309031487,0.2960071563720703,2024,0
54,0.14275569655001163,0.2949855327606201,2024,0
55,0.16484655067324638,0.2924043834209442,2024,0
56,0.19799396395683289,0.2905785143375397,2024,0
57,0.1583474613726139,0.29353153705596924,2024,0
58,0.11219383589923382,0.2912045419216156,2024,0
59,0.11180007643997669,0.2912907600402832,2024,0
60,0.12073400057852268,0.29318666458129883,2024,0
61,0.11151126585900784,0.29308995604515076,2024,0
62,0.10508883185684681,0.29210516810417175,2024,0
63,0.1211058720946312,0.28484857082366943,2024,0
64,0.11258814483880997,0.2800326347351074,2024,0
65,0.09901071898639202,0.27632054686546326,2024,0
66,0.09116778429597616,0.2734955847263336,2024,0
67,0.11259991861879826,0.27294638752937317,2024,0
68,0.07913285866379738,0.27089303731918335,2024,0
69,0.08474935404956341,0.2683621048927307,2024,0
70,0.11361012235283852,0.2661972641944885,2024,0
71,0.09326456487178802,0.2628953456878662,2024,0
72,0.15717670693993568,0.2628147304058075,2024,0
73,0.0744415707886219,0.26524269580841064,2024,0
74,0.0924614854156971,0.2627885341644287,2024,0
75,0.18443364277482033,0.2569851875305176,2024,0
76,0.06032506376504898,0.2534566819667816,2024,0
77,0.12034090794622898,0.25221896171569824,2024,0
78,0.08808082714676857,0.2507655918598175,2024,0
79,0.0727227944880724,0.25110694766044617,2024,0
80,0.09428842552006245,0.24564290046691895,2024,0
81,0.07162733562290668,0.23991316556930542,2024,0
82,0.07616553828120232,0.23718401789665222,2024,0
83,0.09319453313946724,0.23836269974708557,2024,0
84,0.07617942150682211,0.234351247549057,2024,0
85,0.11577770300209522,0.23410429060459137,2024,0
86,0.05244973488152027,0.23903319239616394,2024,0
87,0.07120866142213345,0.24247515201568604,2024,0
88,0.10317443311214447,0.24828094244003296,2024,0
89,0.09721613302826881,0.25201842188835144,2024,0
90,0.15129463654011488,0.25733545422554016,2024,0
91,0.056402272544801235,0.2527906596660614,2024,0
92,0.058784086257219315,0.2544378936290741,2024,0
93,0.08208680711686611,0.25521382689476013,2024,0
94,0.05220476072281599,0.26434558629989624,2024,0
95,0.06989585049450397,0.2632242441177368,2024,0
96,0.06133870594203472,0.26307326555252075,2024,0
97,0.11801333539187908,0.2564563751220703,2024,0
98,0.047892126720398664,0.2510172724723816,2024,0
99,0.08062127605080605,0.2512088418006897,2024,0
100,0.08247877284884453,0.2459229975938797,2024,0
101,0.048140982165932655,0.24557389318943024,2024,0
102,0.03742918977513909,0.2401663213968277,2024,0
103,0.05579366721212864,0.24235637485980988,2024,0
104,0.07652074284851551,0.2428111433982849,2024,0
105,0.0502177313901484,0.23952271044254303,2024,0
106,0.03701159986667335,0.23668603599071503,2024,0
107,0.031164074316620827,0.23502855002880096,2024,0
108,0.03812832524999976,0.24046805500984192,2024,0
109,0.12641858588904142,0.24165137112140656,2024,0
110,0.061733175069093704,0.23322440683841705,2024,0
111,0.05636317748576403,0.23433905839920044,2024,0
112,0.03036757535301149,0.232561856508255,2024,0
113,0.029031177517026663,0.22990243136882782,2024,0
114,0.0438195108436048,0.22792917490005493,2024,0
115,0.055777085945010185,0.22637589275836945,2024,0
116,0.09270444791764021,0.2336118370294571,2024,0
117,0.03049302427098155,0.22476394474506378,2024,0
118,0.09588020760565996,0.2260623276233673,2024,0
119,0.027680768631398678,0.2266371250152588,2024,0
120,0.04280984494835138,0.2294727861881256,2024,0
121,0.04183531552553177,0.23906143009662628,2024,0
122,0.041032285895198584,0.2368968278169632,2024,0
123,0.03340767975896597,0.23405563831329346,2024,0
124,0.0384777351282537,0.23307056725025177,2024,0
125,0.08692540740594268,0.23770496249198914,2024,0
126,0.060271913185715675,0.233169287443161,2024,0
127,0.05747840087860823,0.22872497141361237,2024,0
128,0.07000832725316286,0.22950479388237,2024,0
129,0.032230114098638296,0.2197915017604828,2024,0
130,0.030027984641492367,0.21433080732822418,2024,0
131,0.038799744099378586,0.2118116319179535,2024,0
132,0.03331680130213499,0.21226805448532104,2024,0
133,0.024165650364011526,0.20834244787693024,2024,0
134,0.0343745406717062,0.20189477503299713,2024,0
135,0.0699455626308918,0.2057943046092987,2024,0
136,0.1124190604314208,0.21820202469825745,2024,0
137,0.14876831462606788,0.23782852292060852,2024,0
138,0.12105784844607115,0.23979055881500244,2024,0
139,0.04386959411203861,0.24945327639579773,2024,0
140,0.024223988875746727,0.2503367066383362,2024,0
141,0.045690485276281834,0.2491498738527298,2024,0
142,0.04359052889049053,0.2542772889137268,2024,0
143,0.16014311276376247,0.2584485411643982,2024,0
144,0.043378300964832306,0.25601527094841003,2024,0
145,0.03699450334534049,0.2599758207798004,2024,0
146,0.05195131106302142,0.264157235622406,2024,0
147,0.05346989631652832,0.25243255496025085,2024,0
148,0.05385891441255808,0.24722333252429962,2024,0
149,0.10978098958730698,0.253534734249115,2024,0
150,0.03545354027301073,0.24176785349845886,2024,0
151,0.024374726694077253,0.23895160853862762,2024,0
152,0.05381540581583977,0.2495790272951126,2024,0
153,0.025381672428920865,0.24870090186595917,2024,0
154,0.019730249885469675,0.24995382130146027,2024,0
155,0.019208356039598584,0.24742622673511505,2024,0
156,0.04393798508681357,0.2512499690055847,2024,0
157,0.11497864732518792,0.2612888216972351,2024,0
158,0.11208306485787034,0.25701040029525757,2024,0
159,0.03349067084491253,0.24031183123588562,2024,0
160,0.039135117549449205,0.23285986483097076,2024,0
161,0.04767335765063763,0.23544830083847046,2024,0
162,0.022743212524801493,0.23413099348545074,2024,0
163,0.02155221300199628,0.23436182737350464,2024,0
164,0.036033930256962776,0.23155349493026733,2024,0
0,0.42649197578430176,0.42204686999320984,2024,1
1,0.41419965773820877,0.41720277070999146,2024,1
2,0.3845173567533493,0.4111509919166565,2024,1
3,0.3896126300096512,0.40465232729911804,2024,1
4,0.3595428615808487,0.39667442440986633,2024,1
5,0.33414847403764725,0.38835054636001587,2024,1
6,0.3276284858584404,0.3804141581058502,2024,1
7,0.32760145515203476,0.3741987347602844,2024,1
8,0.3286135345697403,0.3668052852153778,2024,1
9,0.29756928980350494,0.36069491505622864,2024,1
10,0.280034638941288,0.3579874336719513,2024,1
11,0.30238743126392365,0.3507346510887146,2024,1
12,0.27763986587524414,0.34893739223480225,2024,1
13,0.284290112555027,0.34485921263694763,2024,1
14,0.24568646773695946,0.34470704197883606,2024,1
15,0.2532524913549423,0.3405213952064514,2024,1
16,0.2441680058836937,0.3462640941143036,2024,1
17,0.24344145506620407,0.3474683165550232,2024,1
18,0.2381405159831047,0.3454653024673462,2024,1
19,0.2449374720454216,0.3438182473182678,2024,1
20,0.2119707614183426,0.3369828164577484,2024,1
21,0.2562094032764435,0.3356384038925171,2024,1
22,0.22054123505949974,0.3397388756275177,2024,1
23,0.20100370794534683,0.3417587876319885,2024,1
24,0.16586064919829369,0.3439435362815857,2024,1
25,0.22349625080823898,0.34336230158805847,2024,1
26,0.19581995904445648,0.3426092267036438,2024,1
27,0.20591019839048386,0.33731526136398315,2024,1
28,0.17862069979310036,0.33686429262161255,2024,1
29,0.15373561903834343,0.33575284481048584,2024,1
30,0.17680131271481514,0.33225536346435547,2024,1
31,0.19316600635647774,0.3279256820678711,2024,1
32,0.14954185485839844,0.3295605778694153,2024,1
33,0.16657330095767975,0.3191256523132324,2024,1
34,0.1402982473373413,0.3203966021537781,2024,1
35,0.1600847765803337,0.32773834466934204,2024,1
36,0.15126478672027588,0.32520267367362976,2024,1
37,0.13383294641971588,0.3303808569908142,2024,1
38,0.14043833501636982,0.330660343170166,2024,1
39,0.12134513445198536,0.3271547257900238,2024,1
40,0.12882573530077934,0.32383957505226135,2024,1
41,0.12054286897182465,0.3192145824432373,2024,1
42,0.12017727084457874,0.3204428255558014,2024,1
43,0.11441101878881454,0.32050392031669617,2024,1
44,0.09034397639334202,0.3180541396141052,2024,1
45,0.10908085480332375,0.3171762526035309,2024,1
46,0.1557090487331152,0.3203653395175934,2024,1
47,0.11727421544492245,0.31668442487716675,2024,1
48,0.09939514473080635,0.31645911931991577,2024,1
49,0.09092621691524982,0.3120083808898926,2024,1
50,0.09414376132190228,0.3186860978603363,2024,1
51,0.14900319278240204,0.33277368545532227,2024,1
52,0.11253143846988678,0.3337942063808441,2024,1
53,0.1403453852981329,0.32197269797325134,2024,1
54,0.08397385105490685,0.3205995261669159,2024,1
55,0.07217404432594776,0.3200908899307251,2024,1
56,0.08975125662982464,0.32030072808265686,2024,1
57,0.13514815643429756,0.32147884368896484,2024,1
58,0.10386005602777004,0.3363581895828247,2024,1
59,0.05448248516768217,0.3317919671535492,2024,1
60,0.07779738772660494,0.33988669514656067,2024,1
61,0.13842693343758583,0.3472730219364166,2024,1
62,0.07176336273550987,0.35555875301361084,2024,1
63,0.07176265586167574,0.34833890199661255,2024,1
64,0.15889908280223608,0.3469393849372864,2024,1
65,0.16131285205483437,0.3525983989238739,2024,1
66,0.10377659741789103,0.35550251603126526,2024,1
67,0.05579776130616665,0.34700217843055725,2024,1
68,0.05997916590422392,0.3426288366317749,2024,1
69,0.0904391435906291,0.3494473695755005,2024,1
70,0.08006914425641298,0.35026031732559204,2024,1
71,0.0673581687733531,0.35735461115837097,2024,1
72,0.05853867344558239,0.35476788878440857,2024,1
73,0.06283318903297186,0.3580701947212219,2024,1
74,0.06545083876699209,0.3549957573413849,2024,1
75,0.05693867802619934,0.35384467244148254,2024,1
76,0.04918946698307991,0.3575699031352997,2024,1
77,0.12334166932851076,0.3604872524738312,2024,1
78,0.05232159420847893,0.36762163043022156,2024,1
79,0.05133755039423704,0.3708048164844513,2024,1
0,0.4548633098602295,0.4195729196071625,2024,2
1,0.41127216815948486,0.413875937461853,2024,2
2,0.3660520613193512,0.4059940278530121,2024,2
3,0.3795889839529991,0.39676961302757263,2024,2
4,0.37068063020706177,0.3841056227684021,2024,2
5,0.3677638918161392,0.37634584307670593,2024,2
6,0.3532123565673828,0.36838001012802124,2024,2
7,0.35031042993068695,0.36119428277015686,2024,2
8,0.305287204682827,0.3580564260482788,2024,2
9,0.2763533182442188,0.3523600697517395,2024,2
10,0.3016504943370819,0.3516390025615692,2024,2
11,0.30229584872722626,0.35057511925697327,2024,2
12,0.3134571462869644,0.3415603041648865,2024,2
13,0.3234780728816986,0.3398480713367462,2024,2
14,0.3031311221420765,0.33925944566726685,2024,2
15,0.2840241529047489,0.33594998717308044,2024,2
16,0.28335847705602646,0.3411560356616974,2024,2
17,0.26086707040667534,0.3384709656238556,2024,2
18,0.258832935243845,0.3344208896160126,2024,2
19,0.2731268182396889,0.33549413084983826,2024,2
20,0.23873097449541092,0.33586302399635315,2024,2
21,0.2513938471674919,0.3389846384525299,2024,2
22,0.2507372796535492,0.3291108310222626,2024,2
23,0.294797133654356,0.3259980380535126,2024,2
24,0.30976999551057816,0.33053481578826904,2024,2
25,0.2343856655061245,0.3298845887184143,2024,2
26,0.21504778787493706,0.33522164821624756,2024,2
27,0.24879205971956253,0.33412450551986694,2024,2
28,0.21201183274388313,0.3354858160018921,2024,2
29,0.1961040198802948,0.3349093198776245,2024,2
30,0.22804652154445648,0.3245766758918762,2024,2
31,0.2013690136373043,0.3252882957458496,2024,2
32,0.23307649791240692,0.32352572679519653,2024,2
33,0.22062882781028748,0.32010626792907715,2024,2
34,0.261655542999506,0.3236435055732727,2024,2
35,0.23928433284163475,0.32742828130722046,2024,2
36,0.18616462498903275,0.33566123247146606,2024,2
37,0.19976430758833885,0.34072059392929077,2024,2
38,0.18198638781905174,0.3451460599899292,2024,2
39,0.16966378688812256,0.34776872396469116,2024,2
40,0.17249790206551552,0.3464978337287903,2024,2
41,0.1591963805258274,0.34359505772590637,2024,2
42,0.22296940349042416,0.3354058563709259,2024,2
43,0.22328917682170868,0.337559312582016,2024,2
44,0.21588308364152908,0.3441542983055115,2024,2
45,0.14608141779899597,0.35518258810043335,2024,2
46,0.16869912296533585,0.3624805212020874,2024,2
47,0.13194095715880394,0.36417824029922485,2024,2
48,0.18385085463523865,0.358925461769104,2024,2
49,0.18390991538763046,0.3592013120651245,2024,2
50,0.1437349133193493,0.3667009770870209,2024,2
51,0.16747834905982018,0.3620862364768982,2024,2
52,0.12987371161580086,0.3564646542072296,2024,2
53,0.11441550217568874,0.36191052198410034,2024,2
54,0.13587143644690514,0.3626495897769928,2024,2
55,0.12697363831102848,0.3630779981613159,2024,2
56,0.12297568656504154,0.3632056415081024,2024,2
57,0.14048491977155209,0.36509448289871216,2024,2
58,0.1587236188352108,0.36646655201911926,2024,2
59,0.113056356087327,0.36334702372550964,2024,2
60,0.12120718322694302,0.35535499453544617,2024,2
61,0.09936214704066515,0.350460410118103,2024,2
62,0.14176639541983604,0.34558120369911194,2024,2
63,0.09016402997076511,0.3454670310020447,2024,2
0,0.4970579668879509,0.44571298360824585,2024,3
1,0.46754244714975357,0.4440620541572571,2024,3
2,0.4587700814008713,0.43809452652931213,2024,3
3,0.4082746133208275,0.4287051260471344,2024,3
4,0.41413257271051407,0.4188324213027954,2024,3
5,0.4174460247159004,0.40671104192733765,2024,3
6,0.3996666595339775,0.39801543951034546,2024,3
7,0.3652910813689232,0.3849879205226898,2024,3
8,0.36265840381383896,0.37795746326446533,2024,3
9,0.37558604776859283,0.3714192807674408,2024,3
10,0.3356279209256172,0.3696206212043762,2024,3
11,0.3148094341158867,0.3621746003627777,2024,3
12,0.37269826233386993,0.35317865014076233,2024,3
13,0.34783487766981125,0.34738147258758545,2024,3
14,0.3067842200398445,0.3448638617992401,2024,3
15,0.3015546351671219,0.33896681666374207,2024,3
16,0.31177639961242676,0.3360937237739563,2024,3
17,0.34128422662615776,0.3318948745727539,2024,3
18,0.3092166744172573,0.33251601457595825,2024,3
19,0.29695744067430496,0.3284396529197693,2024,3
20,0.2755892500281334,0.32616502046585083,2024,3
21,0.2730020582675934,0.3275500535964966,2024,3
22,0.26793262735009193,0.32812321186065674,2024,3
23,0.2903844490647316,0.32353702187538147,2024,3
24,0.24532390013337135,0.3288325071334839,2024,3
25,0.25562239065766335,0.32882657647132874,2024,3
26,0.30489327386021614,0.3268846273422241,2024,3
27,0.26592159271240234,0.3327251970767975,2024,3
28,0.22752441093325615,0.32575950026512146,2024,3
29,0.22010301798582077,0.3304707109928131,2024,3
30,0.2264777570962906,0.322258859872818,2024,3
31,0.20355981215834618,0.3204476535320282,2024,3
32,0.2245764210820198,0.3196523189544678,2024,3
33,0.21468721330165863,0.3194696605205536,2024,3
34,0.24361848831176758,0.3150865435600281,2024,3
35,0.17438799515366554,0.3173404633998871,2024,3
36,0.26555897668004036,0.32132893800735474,2024,3
37,0.2133927047252655,0.32432442903518677,2024,3
38,0.19291885942220688,0.32117149233818054,2024,3
39,0.19573495909571648,0.3214600086212158,2024,3
40,0.18423698097467422,0.32042592763900757,2024,3
41,0.19028884172439575,0.3155467212200165,2024,3
42,0.1749330759048462,0.3193320333957672,2024,3
43,0.21608302742242813,0.32278990745544434,2024,3
44,0.16310329735279083,0.3242453336715698,2024,3
45,0.2014913447201252,0.3302353620529175,2024,3
46,0.155056394636631,0.32255518436431885,2024,3
47,0.20428026095032692,0.32223331928253174,2024,3
48,0.12932707741856575,0.3232928216457367,2024,3
49,0.19229084625840187,0.33038201928138733,2024,3
50,0.16650592535734177,0.3262772262096405,2024,3
51,0.15801677852869034,0.3212924897670746,2024,3
52,0.11416691169142723,0.32349690794944763,2024,3
53,0.11291931755840778,0.31775033473968506,2024,3
54,0.18304957263171673,0.32144442200660706,2024,3
55,0.1365106664597988,0.3189631998538971,2024,3
56,0.09782406128942966,0.322726845741272,2024,3
57,0.19341316632926464,0.33493104577064514,2024,3
58,0.11388889886438847,0.331537663936615,2024,3
59,0.11159775778651237,0.33447906374931335,2024,3
60,0.12010310404002666,0.3332418203353882,2024,3
61,0.15510350093245506,0.33113893866539,2024,3
62,0.10298870131373405,0.33069369196891785,2024,3
63,0.1107720173895359,0.3297981023788452,2024,3
64,0.11455652117729187,0.33278024196624756,2024,3
0,0.38612351566553116,0.40037307143211365,2024,4
1,0.44113048911094666,0.3905649483203888,2024,4
2,0.41072312742471695,0.3835522532463074,2024,4
3,0.36469945311546326,0.37753215432167053,2024,4
4,0.33016790822148323,0.3710099756717682,2024,4
5,0.33085159957408905,0.36506348848342896,2024,4
6,0.33022621273994446,0.3590776026248932,2024,4
7,0.3221152722835541,0.3540038764476776,2024,4
8,0.2801011651754379,0.34942004084587097,2024,4
9,0.35078854858875275,0.34947481751441956,2024,4
10,0.2875755503773689,0.34977397322654724,2024,4
11,0.33785033971071243,0.34792983531951904,2024,4
12,0.281942717730999,0.34923380613327026,2024,4
13,0.27529842033982277,0.3471880555152893,2024,4
14,0.2589147686958313,0.34928908944129944,2024,4
15,0.28433459252119064,0.3490423560142517,2024,4
16,0.2588167116045952,0.35217300057411194,2024,4
17,0.25715308636426926,0.3503388464450836,2024,4
18,0.23394372314214706,0.3506473898887634,2024,4
19,0.23667246475815773,0.3512846827507019,2024,4
20,0.26444011926651,0.3503940999507904,2024,4
21,0.2143699899315834,0.35360845923423767,2024,4
22,0.21579424664378166,0.35254666209220886,2024,4
23,0.20499033108353615,0.352220356464386,2024,4
24,0.21757635474205017,0.3507424294948578,2024,4
25,0.1978398971259594,0.3501870334148407,2024,4
26,0.18602747097611427,0.34530219435691833,2024,4
27,0.1826733499765396,0.3446537256240845,2024,4
28,0.15137204714119434,0.3427855670452118,2024,4
29,0.164496760815382,0.34346526861190796,2024,4
30,0.21138212829828262,0.3437429666519165,2024,4
31,0.15864519402384758,0.3412710130214691,2024,4
32,0.22757288068532944,0.3413570821285248,2024,4
33,0.13717172667384148,0.3399365246295929,2024,4
34,0.17916586622595787,0.34601718187332153,2024,4
35,0.12639878131449223,0.348781943321228,2024,4
36,0.1488143987953663,0.3509048819541931,2024,4
37,0.14995110780000687,0.3524923622608185,2024,4
38,0.13485173508524895,0.35029199719429016,2024,4
39,0.15220830217003822,0.3468436002731323,2024,4
40,0.12179221399128437,0.34872010350227356,2024,4
41,0.11584214307367802,0.35309919714927673,2024,4
42,0.14911739341914654,0.3563530743122101,2024,4
43,0.12489598616957664,0.359948992729187,2024,4
44,0.12626945972442627,0.3548636734485626,2024,4
45,0.10686912760138512,0.353080689907074,2024,4
46,0.08047299087047577,0.35471755266189575,2024,4
47,0.13309754617512226,0.3581109941005707,2024,4
48,0.14115704968571663,0.3604142963886261,2024,4
49,0.10429251939058304,0.3581649959087372,2024,4
50,0.10299412906169891,0.36272773146629333,2024,4
51,0.0789472321048379,0.3650701642036438,2024,4
52,0.08344248589128256,0.36777135729789734,2024,4
53,0.09468980692327023,0.3679216504096985,2024,4
54,0.08943656459450722,0.3702975809574127,2024,4
55,0.08147617243230343,0.3735857307910919,2024,4
56,0.10814134404063225,0.3750286400318146,2024,4
57,0.19216560572385788,0.3833089768886566,2024,4
58,0.09828533325344324,0.39005744457244873,2024,4
59,0.160610843449831,0.3912370800971985,2024,4
60,0.08499407023191452,0.38790446519851685,2024,4
61,0.06411722209304571,0.38790133595466614,2024,4
62,0.07834730856120586,0.39192521572113037,2024,4
63,0.11150545999407768,0.3959204852581024,2024,4
0,0.43289341032505035,0.4081365764141083,2025,0
1,0.4291433170437813,0.39756590127944946,2025,0
2,0.42001086473464966,0.3880600333213806,2025,0
3,0.4069221243262291,0.37638625502586365,2025,0
4,0.40340960770845413,0.36501404643058777,2025,0
5,0.3765460327267647,0.3557334244251251,2025,0
6,0.35607240349054337,0.34870073199272156,2025,0
7,0.38123948127031326,0.3380502462387085,2025,0
8,0.38055793941020966,0.325589656829834,2025,0
9,0.30825769901275635,0.3165421187877655,2025,0
10,0.31596190482378006,0.30987033247947693,2025,0
11,0.315669521689415,0.3016364276409149,2025,0
12,0.3175053521990776,0.30286237597465515,2025,0
13,0.33331745117902756,0.29687774181365967,2025,0
14,0.2933673858642578,0.2947097718715668,2025,0
15,0.3316057473421097,0.2881177067756653,2025,0
16,0.26488838344812393,0.28927743434906006,2025,0
17,0.2600640393793583,0.29053160548210144,2025,0
18,0.2822890393435955,0.29028624296188354,2025,0
19,0.2765619270503521,0.28481531143188477,2025,0
20,0.2574664577841759,0.2838718295097351,2025,0
21,0.26404955983161926,0.281317800283432,2025,0
22,0.26118408516049385,0.27814286947250366,2025,0
23,0.25687697157263756,0.2783268690109253,2025,0
24,0.22280215844511986,0.28138405084609985,2025,0
25,0.28499917685985565,0.2807177007198334,2025,0
26,0.22616778314113617,0.27947354316711426,2025,0
27,0.242827370762825,0.2793247103691101,2025,0
28,0.2214171662926674,0.2775307595729828,2025,0
29,0.18774908035993576,0.27418801188468933,2025,0
30,0.21216722577810287,0.27413076162338257,2025,0
31,0.22213592007756233,0.2742621898651123,2025,0
32,0.19491001963615417,0.2691546082496643,2025,0
33,0.17918577790260315,0.26639872789382935,2025,0
34,0.15994910150766373,0.26819175481796265,2025,0
35,0.2091853804886341,0.26150834560394287,2025,0
36,0.16956405714154243,0.26746031641960144,2025,0
37,0.164970051497221,0.2673654854297638,2025,0
38,0.17345022037625313,0.26502034068107605,2025,0
39,0.14617805555462837,0.2732279300689697,2025,0
40,0.17258702218532562,0.2731362581253052,2025,0
41,0.1315458845347166,0.27001553773880005,2025,0
42,0.14693276770412922,0.2680231034755707,2025,0
43,0.1404943559318781,0.26106005907058716,2025,0
44,0.1248471662402153,0.25851884484291077,2025,0
45,0.13151314668357372,0.2580574154853821,2025,0
46,0.17165841907262802,0.2566562592983246,2025,0
47,0.14105402491986752,0.25757527351379395,2025,0
48,0.11706690862774849,0.26165127754211426,2025,0
49,0.12668916396796703,0.25456076860427856,2025,0
50,0.11962277442216873,0.24483661353588104,2025,0
51,0.18503247946500778,0.2434886246919632,2025,0
52,0.1150476410984993,0.24644896388053894,2025,0
53,0.14418959617614746,0.25218382477760315,2025,0
54,0.10086166486144066,0.26253384351730347,2025,0
55,0.08135428093373775,0.26637041568756104,2025,0
56,0.10511621087789536,0.26477593183517456,2025,0
57,0.08407192304730415,0.26470208168029785,2025,0
58,0.12231243960559368,0.26599761843681335,2025,0
59,0.10444126091897488,0.25705981254577637,2025,0
60,0.10081925615668297,0.26121050119400024,2025,0
61,0.13748924992978573,0.26777562499046326,2025,0
62,0.1000587660819292,0.2722133994102478,2025,0
63,0.07697091810405254,0.2631726562976837,2025,0
64,0.14782599918544292,0.26381242275238037,2025,0
65,0.1471632421016693,0.26789402961730957,2025,0
66,0.07459158264100552,0.27947962284088135,2025,0
67,0.08633743599057198,0.2699000835418701,2025,0
68,0.12632538378238678,0.2692369222640991,2025,0
69,0.07935364544391632,0.27744409441947937,2025,0
70,0.07138376776129007,0.28706735372543335,2025,0
71,0.0834738202393055,0.28485140204429626,2025,0
72,0.07549029123038054,0.29050618410110474,2025,0
73,0.060859982855618,0.28801068663597107,2025,0
74,0.07092560082674026,0.29211992025375366,2025,0
75,0.04751383885741234,0.28749582171440125,2025,0
76,0.09013435523957014,0.2770690619945526,2025,0
77,0.10112489201128483,0.2781650424003601,2025,0
78,0.06635676138103008,0.2882838249206543,2025,0
79,0.06790112983435392,0.2937409579753876,2025,0
80,0.056108019314706326,0.2875169813632965,2025,0
81,0.08418978285044432,0.2881782054901123,2025,0
0,0.45454976707696915,0.4155048131942749,2025,1
1,0.4162669777870178,0.4080509543418884,2025,1
2,0.38469120115041733,0.3977416753768921,2025,1
3,0.40826768428087234,0.3865932822227478,2025,1
4,0.40337370336055756,0.3741071820259094,2025,1
5,0.34932129085063934,0.36466988921165466,2025,1
6,0.3394758105278015,0.3541800081729889,2025,1
7,0.34779227524995804,0.3453842103481293,2025,1
8,0.2948992848396301,0.33576005697250366,2025,1
9,0.3083101809024811,0.32932233810424805,2025,1
10,0.2873988375067711,0.32468387484550476,2025,1
11,0.3049136623740196,0.32137811183929443,2025,1
12,0.3319362439215183,0.3144305646419525,2025,1
13,0.30221494287252426,0.31269416213035583,2025,1
14,0.2922367602586746,0.30862337350845337,2025,1
15,0.28895480558276176,0.3026331067085266,2025,1
16,0.2839029133319855,0.2995154559612274,2025,1
17,0.27467239275574684,0.2958310842514038,2025,1
18,0.24433785304427147,0.293037086725235,2025,1
19,0.2605992816388607,0.2881563901901245,2025,1
20,0.2240360975265503,0.287967324256897,2025,1
21,0.25115489959716797,0.2874442934989929,2025,1
22,0.2398652583360672,0.2879396677017212,2025,1
23,0.30058325082063675,0.28350257873535156,2025,1
24,0.29882558435201645,0.28308311104774475,2025,1
25,0.21448925510048866,0.2865513563156128,2025,1
26,0.21339141204953194,0.28868693113327026,2025,1
27,0.2278871051967144,0.2904670238494873,2025,1
28,0.21527979522943497,0.28902149200439453,2025,1
29,0.2018408216536045,0.2890802323818207,2025,1
30,0.18661414459347725,0.28897035121917725,2025,1
31,0.18251102045178413,0.28873953223228455,2025,1
32,0.2249191775918007,0.29142940044403076,2025,1
33,0.20256774872541428,0.2943292558193207,2025,1
34,0.2729378491640091,0.29406848549842834,2025,1
35,0.2070322073996067,0.294952929019928,2025,1
36,0.15683557838201523,0.2977169156074524,2025,1
37,0.2042275369167328,0.29650217294692993,2025,1
38,0.1711094006896019,0.2985652685165405,2025,1
39,0.15495619550347328,0.2978788912296295,2025,1
40,0.14870598167181015,0.3010992407798767,2025,1
41,0.18212968856096268,0.29829710721969604,2025,1
42,0.18283932283520699,0.29969364404678345,2025,1
43,0.19926472380757332,0.30174487829208374,2025,1
44,0.18934347480535507,0.2968403100967407,2025,1
45,0.1422833614051342,0.29615962505340576,2025,1
46,0.20122119784355164,0.2975715398788452,2025,1
47,0.13138897716999054,0.29718345403671265,2025,1
48,0.15417818911373615,0.3004980981349945,2025,1
49,0.18877969309687614,0.3031254708766937,2025,1
50,0.14989705756306648,0.30360233783721924,2025,1
51,0.11524160951375961,0.30648350715637207,2025,1
52,0.12032348290085793,0.3086256682872772,2025,1
53,0.12630822136998177,0.3067902624607086,2025,1
54,0.11688952334225178,0.31192514300346375,2025,1
0,0.5133739560842514,0.45409125089645386,2025,2
1,0.4886395037174225,0.4552344083786011,2025,2
2,0.43050695955753326,0.4527495503425598,2025,2
3,0.41859120875597,0.4470701813697815,2025,2
4,0.4276577979326248,0.4433651268482208,2025,2
5,0.38486242294311523,0.43232664465904236,2025,2
6,0.3838132470846176,0.4221704602241516,2025,2
7,0.36367563903331757,0.4146089255809784,2025,2
8,0.36380064487457275,0.4070386290550232,2025,2
9,0.3422582894563675,0.4063388407230377,2025,2
10,0.3079310357570648,0.40138134360313416,2025,2
11,0.2865664213895798,0.3975858986377716,2025,2
12,0.3073021247982979,0.3874289095401764,2025,2
13,0.35023248940706253,0.3805672526359558,2025,2
14,0.2752367705106735,0.37727829813957214,2025,2
15,0.2740853428840637,0.37795013189315796,2025,2
16,0.26181234419345856,0.3735354542732239,2025,2
17,0.26655203104019165,0.3712526857852936,2025,2
18,0.2885463163256645,0.36773881316185,2025,2
19,0.2448396496474743,0.36581870913505554,2025,2
20,0.2723369225859642,0.36780041456222534,2025,2
21,0.22042815387248993,0.3715987801551819,2025,2
22,0.2223733328282833,0.3705783188343048,2025,2
23,0.2424299530684948,0.3681783080101013,2025,2
24,0.2009805031120777,0.3670526146888733,2025,2
25,0.2328997328877449,0.3746846318244934,2025,2
26,0.2530068978667259,0.3721502423286438,2025,2
27,0.2395116426050663,0.38079264760017395,2025,2
28,0.19171317666769028,0.37601155042648315,2025,2
29,0.17749596573412418,0.3749137222766876,2025,2
30,0.2104935124516487,0.37341031432151794,2025,2
31,0.16752060502767563,0.3729734718799591,2025,2
32,0.18697361648082733,0.37663963437080383,2025,2
33,0.1865735501050949,0.38546550273895264,2025,2
34,0.1790495552122593,0.3800702393054962,2025,2
35,0.14960339665412903,0.39249441027641296,2025,2
36,0.21414656564593315,0.40063607692718506,2025,2
37,0.1951598785817623,0.3985220491886139,2025,2
38,0.1455688364803791,0.4049275815486908,2025,2
39,0.15471443720161915,0.40575534105300903,2025,2
40,0.12544154189527035,0.41113045811653137,2025,2
41,0.16693982668220997,0.40147849917411804,2025,2
42,0.13843114860355854,0.40403714776039124,2025,2
43,0.1669873669743538,0.4147343039512634,2025,2
44,0.1381456647068262,0.4143654406070709,2025,2
45,0.17361854948103428,0.4286344051361084,2025,2
46,0.1450069583952427,0.40942639112472534,2025,2
47,0.16497895121574402,0.4066372215747833,2025,2
48,0.13788554817438126,0.4078260362148285,2025,2
49,0.11581880040466785,0.4229041635990143,2025,2
0,0.4530261307954788,0.41429218649864197,2025,3
1,0.4457782581448555,0.3996364176273346,2025,3
2,0.3911583796143532,0.38478443026542664,2025,3
3,0.41147155314683914,0.3698059022426605,2025,3
4,0.38679904490709305,0.3574174642562866,2025,3
5,0.38652025163173676,0.34766486287117004,2025,3
6,0.3492598161101341,0.3377245366573334,2025,3
7,0.34600473940372467,0.33483007550239563,2025,3
8,0.330338791012764,0.33315226435661316,2025,3
9,0.3348468914628029,0.3296489715576172,2025,3
10,0.3295823037624359,0.32276126742362976,2025,3
11,0.3029082790017128,0.32184767723083496,2025,3
12,0.3228370174765587,0.3220145106315613,2025,3
13,0.2858646437525749,0.3183993101119995,2025,3
14,0.3281032368540764,0.31369853019714355,2025,3
15,0.2726413384079933,0.316502183675766,2025,3
16,0.28516893833875656,0.3181033134460449,2025,3
17,0.25603556260466576,0.3183777332305908,2025,3
18,0.30682282894849777,0.3143140375614166,2025,3
19,0.28275442123413086,0.3143250346183777,2025,3
20,0.27031392231583595,0.3110252916812897,2025,3
21,0.2581743039190769,0.3108559548854828,2025,3
22,0.23399589210748672,0.3142337501049042,2025,3
23,0.23112430796027184,0.3166676163673401,2025,3
24,0.26914646849036217,0.31563684344291687,2025,3
25,0.21714340895414352,0.3187941610813141,2025,3
26,0.23051584139466286,0.32037726044654846,2025,3
27,0.2859780490398407,0.31351596117019653,2025,3
28,0.23452680185437202,0.3191840350627899,2025,3
29,0.24583802744746208,0.32586905360221863,2025,3
30,0.19633718207478523,0.3227232098579407,2025,3
31,0.21544790640473366,0.3344472050666809,2025,3
32,0.1538679488003254,0.33459731936454773,2025,3
33,0.1680290512740612,0.337340772151947,2025,3
34,0.17081505432724953,0.33501118421554565,2025,3
35,0.18829071521759033,0.3363032042980194,2025,3
36,0.18544694036245346,0.34640365839004517,2025,3
37,0.2059256136417389,0.3523534834384918,2025,3
38,0.18395809084177017,0.3483208417892456,2025,3
39,0.17242874205112457,0.3562663793563843,2025,3
40,0.1755203679203987,0.3531500995159149,2025,3
41,0.16698989644646645,0.3539942502975464,2025,3
42,0.17533176578581333,0.36410701274871826,2025,3
43,0.1240834891796112,0.3703223764896393,2025,3
44,0.13919126242399216,0.37444278597831726,2025,3
45,0.15405839122831821,0.3716358542442322,2025,3
46,0.13956541009247303,0.37562423944473267,2025,3
47,0.12895950116217136,0.38276809453964233,2025,3
48,0.09391245059669018,0.3883608281612396,2025,3
49,0.16155617870390415,0.3816411793231964,2025,3
50,0.1167602576315403,0.3817886710166931,2025,3
51,0.09883135370910168,0.39026978611946106,2025,3
0,0.3554569259285927,0.3916831910610199,2025,4
1,0.39570246636867523,0.38007691502571106,2025,4
2,0.36371057480573654,0.36933276057243347,2025,4
3,0.36213601380586624,0.3571127653121948,2025,4
4,0.3398897498846054,0.3452242314815521,2025,4
5,0.3150224983692169,0.3388642966747284,2025,4
6,0.3695027008652687,0.32727235555648804,2025,4
7,0.2850549891591072,0.31738168001174927,2025,4
8,0.30153315886855125,0.3133310079574585,2025,4
9,0.30126572400331497,0.30744895339012146,2025,4
10,0.30188756436109543,0.30092668533325195,2025,4
11,0.28286153823137283,0.30296140909194946,2025,4
12,0.2635665684938431,0.2953868806362152,2025,4
13,0.2649667039513588,0.2945922613143921,2025,4
14,0.2473619319498539,0.28842782974243164,2025,4
15,0.25618569180369377,0.28927814960479736,2025,4
16,0.29602576419711113,0.286967009305954,2025,4
17,0.2537020072340965,0.28785306215286255,2025,4
18,0.29300183802843094,0.2819706201553345,2025,4
19,0.23373698815703392,0.28199467062950134,2025,4
20,0.26107776910066605,0.28110647201538086,2025,4
21,0.24591633304953575,0.2765722870826721,2025,4
22,0.20981935784220695,0.2750920057296753,2025,4
23,0.202198788523674,0.27282509207725525,2025,4
24,0.20145270600914955,0.2758360505104065,2025,4
25,0.19920042157173157,0.2748962640762329,2025,4
26,0.19138755276799202,0.2700926661491394,2025,4
27,0.1991686038672924,0.2739001512527466,2025,4
28,0.19671282917261124,0.2716524302959442,2025,4
29,0.16175331734120846,0.26687002182006836,2025,4
30,0.18358280882239342,0.2612580358982086,2025,4
31,0.1796475686132908,0.2639727294445038,2025,4
32,0.1735553778707981,0.26632246375083923,2025,4
33,0.17908843234181404,0.26413342356681824,2025,4
34,0.2054188046604395,0.2649585008621216,2025,4
35,0.14229593984782696,0.2731495797634125,2025,4
36,0.18202362209558487,0.27073654532432556,2025,4
37,0.15724276192486286,0.2763197720050812,2025,4
38,0.17332490533590317,0.2757212817668915,2025,4
39,0.1686500981450081,0.2836775779724121,2025,4
40,0.13220946490764618,0.27819138765335083,2025,4
41,0.18084202334284782,0.2809613347053528,2025,4
42,0.13585568219423294,0.27921491861343384,2025,4
43,0.13496369868516922,0.28120023012161255,2025,4
44,0.22266023233532906,0.2979485094547272,2025,4
45,0.18297959864139557,0.3033685088157654,2025,4
46,0.11826439946889877,0.2987034022808075,2025,4
47,0.12772328592836857,0.2921323776245117,2025,4
48,0.15334214083850384,0.29562628269195557,2025,4
49,0.13749005272984505,0.29091688990592957,2025,4
50,0.13719851337373257,0.2932923436164856,2025,4
51,0.14361430332064629,0.28007420897483826,2025,4
52,0.16725289076566696,0.27930885553359985,2025,4
53,0.11138839088380337,0.280158132314682,2025,4
54,0.14188164472579956,0.27979883551597595,2025,4
55,0.12628217041492462,0.2775871455669403,2025,4
56,0.09660128504037857,0.2877762019634247,2025,4
57,0.09322629030793905,0.28947144746780396,2025,4
58,0.11197595857083797,0.2904566824436188,2025,4
59,0.14667687751352787,0.29652348160743713,2025,4
60,0.07032515294849873,0.30886563658714294,2025,4
0,0.480670303106308,0.4102553129196167,2026,0
1,0.39779022336006165,0.4013982117176056,2026,0
2,0.394271083176136,0.38974907994270325,2026,0
3,0.3929572179913521,0.3775309920310974,2026,0
4,0.4038085415959358,0.3685060441493988,2026,0
5,0.37532876431941986,0.3581525683403015,2026,0
6,0.34882205724716187,0.35097014904022217,2026,0
7,0.3704727664589882,0.3416358530521393,2026,0
8,0.3467114418745041,0.33740681409835815,2026,0
9,0.31793656572699547,0.3333284556865692,2026,0
10,0.3406769260764122,0.32708796858787537,2026,0
11,0.30031897872686386,0.3275390863418579,2026,0
12,0.3120994195342064,0.3285951614379883,2026,0
13,0.2997401989996433,0.3304031789302826,2026,0
14,0.31671908497810364,0.331883043050766,2026,0
15,0.3084305450320244,0.325184166431427,2026,0
16,0.2858867049217224,0.32430869340896606,2026,0
17,0.25874461233615875,0.32901525497436523,2026,0
18,0.2715650387108326,0.32924985885620117,2026,0
19,0.2745147943496704,0.328666627407074,2026,0
20,0.2180260755121708,0.33250483870506287,2026,0
21,0.24218551814556122,0.3296370506286621,2026,0
22,0.2578362002968788,0.3255895972251892,2026,0
23,0.2692606784403324,0.3263326585292816,2026,0
24,0.28148166835308075,0.3315280079841614,2026,0
25,0.24366826191544533,0.33535435795783997,2026,0
26,0.2934783808887005,0.3325437903404236,2026,0
27,0.2559979297220707,0.3304048478603363,2026,0
28,0.21771254763007164,0.3385052978992462,2026,0
29,0.22637047991156578,0.33493202924728394,2026,0
30,0.23887162283062935,0.3355177640914917,2026,0
31,0.21052316203713417,0.33568352460861206,2026,0
32,0.21779346466064453,0.3393472731113434,2026,0
33,0.27763649448752403,0.3347237706184387,2026,0
34,0.23381472006440163,0.33868852257728577,2026,0
35,0.2153727374970913,0.3493620455265045,2026,0
36,0.19793077930808067,0.3534320294857025,2026,0
37,0.22274009510874748,0.35004445910453796,2026,0
38,0.16536897793412209,0.35161933302879333,2026,0
39,0.2093948982656002,0.3523928225040436,2026,0
40,0.1625935398042202,0.3496028780937195,2026,0
41,0.17946220934391022,0.34145623445510864,2026,0
42,0.1971619389951229,0.34404176473617554,2026,0
43,0.2070399411022663,0.33945849537849426,2026,0
44,0.22901686280965805,0.3400323987007141,2026,0
45,0.16772286966443062,0.3451361060142517,2026,0
46,0.1975933574140072,0.35019823908805847,2026,0
0,0.4980028048157692,0.455532968044281,2026,1
1,0.43625862151384354,0.4545000195503235,2026,1
2,0.4191453754901886,0.44845685362815857,2026,1
3,0.4180261045694351,0.43754351139068604,2026,1
4,0.3969750925898552,0.43025487661361694,2026,1
5,0.3804500922560692,0.4178079068660736,2026,1
6,0.3685203865170479,0.4047134220600128,2026,1
7,0.35451872646808624,0.3935776650905609,2026,1
8,0.3486524894833565,0.3850022256374359,2026,1
9,0.3410022482275963,0.38341477513313293,2026,1
10,0.30143892019987106,0.37230154871940613,2026,1
11,0.30591899156570435,0.3653741776943207,2026,1
12,0.34201372414827347,0.3539210855960846,2026,1
13,0.3282292038202286,0.3472289443016052,2026,1
14,0.25984031707048416,0.34678277373313904,2026,1
15,0.2651868984103203,0.3485315442085266,2026,1
16,0.25699278712272644,0.3415910303592682,2026,1
17,0.23756475374102592,0.34105008840560913,2026,1
18,0.26600608602166176,0.334551066160202,2026,1
19,0.24996661394834518,0.3307563066482544,2026,1
20,0.26912912353873253,0.33499374985694885,2026,1
21,0.22389427572488785,0.3377768397331238,2026,1
22,0.21508919820189476,0.3319644033908844,2026,1
23,0.24244726076722145,0.3294439911842346,2026,1
24,0.2100963331758976,0.3323732018470764,2026,1
25,0.2120826654136181,0.33330249786376953,2026,1
26,0.27526648715138435,0.3235563039779663,2026,1
27,0.222257811576128,0.33053910732269287,2026,1
28,0.18317147716879845,0.32591280341148376,2026,1
29,0.20192939415574074,0.32433292269706726,2026,1
30,0.20460642874240875,0.32016074657440186,2026,1
31,0.15932698547840118,0.3239845037460327,2026,1
32,0.1734558306634426,0.32676663994789124,2026,1
33,0.18327929452061653,0.33547937870025635,2026,1
34,0.21762408688664436,0.3240426182746887,2026,1
35,0.14015810936689377,0.3306574821472168,2026,1
36,0.24973879009485245,0.34350940585136414,2026,1
37,0.21650074794888496,0.34237393736839294,2026,1
38,0.17150031588971615,0.3377562463283539,2026,1
39,0.16107461601495743,0.3406141996383667,2026,1
40,0.16274049878120422,0.3355063796043396,2026,1
41,0.20632484555244446,0.33091697096824646,2026,1
42,0.11456543765962124,0.32981938123703003,2026,1
43,0.16332273185253143,0.33565324544906616,2026,1
44,0.1667577102780342,0.33725154399871826,2026,1
45,0.17995985597372055,0.3439902663230896,2026,1
46,0.14411241188645363,0.33433687686920166,2026,1
47,0.14137491397559643,0.33687108755111694,2026,1
48,0.15954303182661533,0.3355156481266022,2026,1
49,0.12843959219753742,0.34142884612083435,2026,1
50,0.1322182808071375,0.34146198630332947,2026,1
51,0.11341015063226223,0.3445354998111725,2026,1
52,0.10529845580458641,0.35960814356803894,2026,1
53,0.10352538712322712,0.35343626141548157,2026,1
54,0.18717639707028866,0.3687816858291626,2026,1
55,0.10062732547521591,0.3626643717288971,2026,1
56,0.09355621226131916,0.36942777037620544,2026,1
57,0.2028498463332653,0.3877321481704712,2026,1
58,0.0918860211968422,0.37564709782600403,2026,1
59,0.12842169404029846,0.37953609228134155,2026,1
60,0.10144717432558537,0.37452471256256104,2026,1
0,0.4328063204884529,0.42602309584617615,2026,2
1,0.4383500963449478,0.41713014245033264,2026,2
2,0.36973805725574493,0.40643563866615295,2026,2
3,0.3777420148253441,0.39249661564826965,2026,2
4,0.34900078922510147,0.3796895444393158,2026,2
5,0.34822023659944534,0.3669472336769104,2026,2
6,0.3503618836402893,0.3553186357021332,2026,2
7,0.3376273885369301,0.34781280159950256,2026,2
8,0.31118064373731613,0.34087756276130676,2026,2
9,0.32737287878990173,0.3345027267932892,2026,2
10,0.30445582419633865,0.32995736598968506,2026,2
11,0.28153830021619797,0.3242682218551636,2026,2
12,0.31022734194993973,0.3174739480018616,2026,2
13,0.278111070394516,0.3150430917739868,2026,2
14,0.32276007905602455,0.3088354170322418,2026,2
15,0.2719184570014477,0.30831852555274963,2026,2
16,0.25626780465245247,0.3053676187992096,2026,2
17,0.264204241335392,0.29881009459495544,2026,2
18,0.264576256275177,0.2966838777065277,2026,2
19,0.27270443737506866,0.29179057478904724,2026,2
20,0.2363375425338745,0.2951175272464752,2026,2
21,0.23024284094572067,0.287858784198761,2026,2
22,0.2125408537685871,0.2876145541667938,2026,2
23,0.2211567796766758,0.2834063172340393,2026,2
24,0.2531626746058464,0.2774747610092163,2026,2
25,0.2043796218931675,0.277795672416687,2026,2
26,0.21488935500383377,0.2789754569530487,2026,2
27,0.2086552269756794,0.278482049703598,2026,2
28,0.19275429658591747,0.2754662036895752,2026,2
29,0.20690221339464188,0.27414989471435547,2026,2
30,0.17483923584222794,0.2725599706172943,2026,2
31,0.21770640462636948,0.276486873626709,2026,2
32,0.17064376547932625,0.27440306544303894,2026,2
33,0.15088121965527534,0.27214762568473816,2026,2
34,0.18219109624624252,0.2601824700832367,2026,2
35,0.16198693215847015,0.2591131925582886,2026,2
36,0.16911976784467697,0.2610252797603607,2026,2
37,0.17111490108072758,0.2621142268180847,2026,2
38,0.18198449164628983,0.26108574867248535,2026,2
39,0.19918641820549965,0.2587931156158447,2026,2
40,0.1978455577045679,0.25697216391563416,2026,2
41,0.17111976072192192,0.2610604465007782,2026,2
42,0.19266369938850403,0.27469703555107117,2026,2
43,0.1610572300851345,0.2773772180080414,2026,2
44,0.13088791444897652,0.2834293842315674,2026,2
45,0.17828841134905815,0.2740512490272522,2026,2
46,0.11301002465188503,0.27665600180625916,2026,2
47,0.15506183914840221,0.27571845054626465,2026,2
48,0.09750194475054741,0.27796489000320435,2026,2
49,0.11384042352437973,0.2715552747249603,2026,2
50,0.12033973261713982,0.27453550696372986,2026,2
51,0.09788626246154308,0.27745187282562256,2026,2
52,0.12594500742852688,0.2684270739555359,2026,2
53,0.10836168937385082,0.27745357155799866,2026,2
54,0.15771964378654957,0.26427289843559265,2026,2
55,0.07560153491795063,0.2698190212249756,2026,2
56,0.12413841113448143,0.27540305256843567,2026,2
57,0.07923933491110802,0.27580082416534424,2026,2
58,0.09540237672626972,0.2763502597808838,2026,2
59,0.11625421606004238,0.27705299854278564,2026,2
60,0.11151429824531078,0.27612367272377014,2026,2
61,0.08360572904348373,0.270327091217041,2026,2
62,0.08912361226975918,0.2713654935359955,2026,2
63,0.08690636605024338,0.27275583148002625,2026,2
64,0.08602613303810358,0.2791735827922821,2026,2
65,0.07909291330724955,0.2820664942264557,2026,2
66,0.09062891080975533,0.28486859798431396,2026,2
67,0.11212160438299179,0.2811093330383301,2026,2
68,0.12747487612068653,0.28752318024635315,2026,2
69,0.06518329679965973,0.286039263010025,2026,2
70,0.0666583301499486,0.2807936668395996,2026,2
0,0.411870501935482,0.3907637894153595,2026,3
1,0.393039733171463,0.37301963567733765,2026,3
2,0.3768404498696327,0.35260507464408875,2026,3
3,0.38177085667848587,0.33207717537879944,2026,3
4,0.36294350028038025,0.3153506815433502,2026,3
5,0.36529016494750977,0.3032442629337311,2026,3
6,0.3728073686361313,0.28965455293655396,2026,3
7,0.32818905264139175,0.27823013067245483,2026,3
8,0.33910583704710007,0.2728414237499237,2026,3
9,0.3390079662203789,0.26544663310050964,2026,3
10,0.34407926350831985,0.2571881413459778,2026,3
11,0.32618726789951324,0.2518550157546997,2026,3
12,0.31235048919916153,0.25352850556373596,2026,3
13,0.3042506091296673,0.24804624915122986,2026,3
14,0.29789628088474274,0.24723058938980103,2026,3
15,0.3376614898443222,0.2422223538160324,2026,3
16,0.3299805223941803,0.23693546652793884,2026,3
17,0.29396890103816986,0.23397724330425262,2026,3
18,0.3154293857514858,0.23295752704143524,2026,3
19,0.28864045068621635,0.22735419869422913,2026,3
20,0.28337275981903076,0.23431570827960968,2026,3
21,0.2959944009780884,0.2336237132549286,2026,3
22,0.2593627832829952,0.22897081077098846,2026,3
23,0.2479192204773426,0.2303045243024826,2026,3
24,0.24563570693135262,0.22656957805156708,2026,3
25,0.22339903935790062,0.22307516634464264,2026,3
26,0.23482516407966614,0.21988293528556824,2026,3
27,0.2521439269185066,0.22402378916740417,2026,3
28,0.21897343546152115,0.2211432009935379,2026,3
29,0.2138613685965538,0.2190178781747818,2026,3
30,0.2216171845793724,0.21606212854385376,2026,3
31,0.1953420229256153,0.217989981174469,2026,3
32,0.21392283961176872,0.2243700474500656,2026,3
33,0.23915429413318634,0.2209351658821106,2026,3
34,0.2007673867046833,0.2233351767063141,2026,3
35,0.1869087629020214,0.22116175293922424,2026,3
36,0.1873282827436924,0.21875323355197906,2026,3
37,0.19946971163153648,0.21680529415607452,2026,3
38,0.2631121836602688,0.2107737958431244,2026,3
39,0.1872599720954895,0.21826523542404175,2026,3
40,0.14339588209986687,0.2213420420885086,2026,3
41,0.19403835386037827,0.21785764396190643,2026,3
42,0.14996255189180374,0.2184849977493286,2026,3
43,0.15968440473079681,0.22585532069206238,2026,3
44,0.4661153256893158,0.22935016453266144,2026,3
45,0.2188202328979969,0.2297949492931366,2026,3
46,0.16221382282674313,0.2239026129245758,2026,3
47,0.2138727754354477,0.22274284064769745,2026,3
48,0.1573585383594036,0.22495059669017792,2026,3
49,0.1703871227800846,0.22009775042533875,2026,3
50,0.16582486778497696,0.22471244633197784,2026,3
51,0.14417360723018646,0.22710569202899933,2026,3
52,0.1856343373656273,0.22473403811454773,2026,3
53,0.15143514797091484,0.22499556839466095,2026,3
54,0.14180349931120872,0.22606663405895233,2026,3
55,0.12146850675344467,0.2272515445947647,2026,3
56,0.11037853732705116,0.2262360006570816,2026,3
57,0.15740570798516273,0.2201049029827118,2026,3
58,0.11971918679773808,0.22785790264606476,2026,3
59,0.17661192640662193,0.2235802859067917,2026,3
60,0.09242440015077591,0.22716674208641052,2026,3
61,0.1403127070516348,0.2314167320728302,2026,3
62,0.09614739567041397,0.23700492084026337,2026,3
63,0.09508899133652449,0.2447831779718399,2026,3
64,0.07837169989943504,0.24974194169044495,2026,3
65,0.10765855945646763,0.24874654412269592,2026,3
66,0.10208041779696941,0.24696075916290283,2026,3
67,0.14660615846514702,0.2407330721616745,2026,3
68,0.08305566664785147,0.23720893263816833,2026,3
0,0.41206999868154526,0.38941535353660583,2026,4
1,0.4354787692427635,0.3778302073478699,2026,4
2,0.39652422815561295,0.36636433005332947,2026,4
3,0.39482423663139343,0.3566182255744934,2026,4
4,0.35922597348690033,0.34453198313713074,2026,4
5,0.342039130628109,0.33622512221336365,2026,4
6,0.3695930913090706,0.3274339735507965,2026,4
7,0.3481331616640091,0.31609198451042175,2026,4
8,0.35537850111722946,0.3061005175113678,2026,4
9,0.3139805197715759,0.300332635641098,2026,4
10,0.28997769951820374,0.29659923911094666,2026,4
11,0.3357336148619652,0.28499916195869446,2026,4
12,0.28365470096468925,0.28507643938064575,2026,4
13,0.3026938959956169,0.28115054965019226,2026,4
14,0.27372972667217255,0.2768554091453552,2026,4
15,0.29059068858623505,0.27773991227149963,2026,4
16,0.2625030167400837,0.27207228541374207,2026,4
17,0.2780483439564705,0.2686150074005127,2026,4
18,0.26519184187054634,0.2676994502544403,2026,4
19,0.2639102265238762,0.2660576403141022,2026,4
20,0.28476420789957047,0.2612802982330322,2026,4
21,0.24700764566659927,0.25702202320098877,2026,4
22,0.23763327673077583,0.25495171546936035,2026,4
23,0.25213392451405525,0.2522934079170227,2026,4
24,0.24345961958169937,0.24251043796539307,2026,4
25,0.22129926830530167,0.2397741675376892,2026,4
26,0.22985298559069633,0.24023516476154327,2026,4
27,0.19108575209975243,0.23615007102489471,2026,4
28,0.18518099188804626,0.23072220385074615,2026,4
29,0.19905439764261246,0.22878849506378174,2026,4
30,0.22571096569299698,0.23100200295448303,2026,4
31,0.24691255763173103,0.2291148155927658,2026,4
32,0.20438287407159805,0.22456200420856476,2026,4
33,0.21564798057079315,0.22640901803970337,2026,4
34,0.18238861113786697,0.22514355182647705,2026,4
35,0.25460369884967804,0.2177658975124359,2026,4
36,0.19138581305742264,0.21803435683250427,2026,4
37,0.19721990451216698,0.21880032122135162,2026,4
38,0.16287924349308014,0.21899427473545074,2026,4
39,0.16902010515332222,0.21956264972686768,2026,4
40,0.15271564573049545,0.21847084164619446,2026,4
41,0.17680102586746216,0.21375013887882233,2026,4
42,0.16238020919263363,0.2104520946741104,2026,4
43,0.11691177822649479,0.211091086268425,2026,4
44,0.13243656232953072,0.21373803913593292,2026,4
45,0.14005755633115768,0.21250329911708832,2026,4
46,0.13934519700706005,0.21628649532794952,2026,4
47,0.13444461673498154,0.2215135544538498,2026,4
48,0.11151522770524025,0.2155487984418869,2026,4
49,0.110907182097435,0.20962487161159515,2026,4
50,0.1320476159453392,0.2021552473306656,2026,4
51,0.1044924445450306,0.1989491879940033,2026,4
52,0.1323499958962202,0.1992412656545639,2026,4
53,0.10852105356752872,0.19823095202445984,2026,4
54,0.09503955394029617,0.1939018815755844,2026,4
55,0.10365520790219307,0.19300124049186707,2026,4
56,0.09057171642780304,0.19441448152065277,2026,4
57,0.11789657548069954,0.19308270514011383,2026,4
58,0.10096465796232224,0.19042274355888367,2026,4
59,0.13428513705730438,0.1891232132911682,2026,4
60,0.09155727177858353,0.1871996372938156,2026,4
61,0.149879090487957,0.18803778290748596,2026,4
62,0.07728556171059608,0.18609681725502014,2026,4
63,0.12148202955722809,0.1853698343038559,2026,4
64,0.12976252473890781,0.1872994303703308,2026,4
65,0.09479874465614557,0.186100035905838,2026,4
66,0.09252455644309521,0.18411768972873688,2026,4
67,0.08775874599814415,0.18542009592056274,2026,4
68,0.11912896484136581,0.1850661188364029,2026,4
69,0.07086659874767065,0.17982497811317444,2026,4
70,0.1347478535026312,0.17507663369178772,2026,4
71,0.08049745298922062,0.1738099902868271,2026,4
72,0.06703603453934193,0.1735909879207611,2026,4
73,0.11157748941332102,0.1786232441663742,2026,4
74,0.06727783754467964,0.18088218569755554,2026,4
75,0.0647519463673234,0.18914836645126343,2026,4
76,0.12077635060995817,0.18680515885353088,2026,4
77,0.05919486936181784,0.18907596170902252,2026,4
78,0.05678938329219818,0.18915165960788727,2026,4
79,0.08359206281602383,0.19126805663108826,2026,4
80,0.05667146202176809,0.1913720965385437,2026,4
81,0.06505955569446087,0.18982428312301636,2026,4
82,0.0710528390482068,0.1876443773508072,2026,4
83,0.08034347649663687,0.18272925913333893,2026,4
84,0.08380119409412146,0.18582724034786224,2026,4
85,0.04854197800159454,0.1786346584558487,2026,4
86,0.07596593536436558,0.17660638689994812,2026,4
87,0.10043536219745874,0.18092402815818787,2026,4
88,0.08582169190049171,0.1794038563966751,2026,4
89,0.04000783059746027,0.1866859495639801,2026,4
90,0.07991068623960018,0.1877274215221405,2026,4
91,0.046915111131966114,0.19321592152118683,2026,4
92,0.10340267745777965,0.19435396790504456,2026,4
93,0.08556984271854162,0.19017179310321808,2026,4
94,0.0507326927036047,0.18638405203819275,2026,4
95,0.05948928650468588,0.18476445972919464,2026,4
96,0.0703063691034913,0.1847725510597229,2026,4
97,0.10495882481336594,0.18192587792873383,2026,4
98,0.05583100765943527,0.17596787214279175,2026,4
99,0.03935865964740515,0.17167386412620544,2026,4
100,0.04391802940517664,0.16681106388568878,2026,4
101,0.12965271715074778,0.16787375509738922,2026,4
102,0.05365267535671592,0.17322088778018951,2026,4
103,0.04096819460391998,0.17732636630535126,2026,4
104,0.06900159269571304,0.1809454709291458,2026,4
105,0.026261361315846443,0.18055714666843414,2026,4
106,0.03686847724020481,0.18180520832538605,2026,4
107,0.028184312861412764,0.18053263425827026,2026,4
108,0.039144694339483976,0.18397240340709686,2026,4
109,0.036709087900817394,0.1814754158258438,2026,4
110,0.04354522190988064,0.18654777109622955,2026,4
111,0.03774838428944349,0.19054219126701355,2026,4
112,0.04599282192066312,0.1915934532880783,2026,4
113,0.08411769429221749,0.19555920362472534,2026,4
114,0.04174000956118107,0.20102348923683167,2026,4
115,0.03298087418079376,0.20684371888637543,2026,4
116,0.03532590623944998,0.20574985444545746,2026,4
117,0.03939992701634765,0.2008051723241806,2026,4
118,0.029899490997195244,0.2064916491508484,2026,4
119,0.04770163493230939,0.2089802324771881,2026,4
120,0.10058757942169905,0.205876886844635,2026,4
121,0.02036314259748906,0.20834170281887054,2026,4
122,0.021115653682500124,0.20948107540607452,2026,4
123,0.021013668039813638,0.2112165093421936,2026,4
124,0.033302396070212126,0.20764578878879547,2026,4
125,0.03261106042191386,0.20924487709999084,2026,4
126,0.02595738903619349,0.20732809603214264,2026,4
127,0.13611802645027637,0.21381525695323944,2026,4
128,0.0383434621617198,0.2118883579969406,2026,4
129,0.02533509163185954,0.21139758825302124,2026,4
130,0.036264305002987385,0.21035699546337128,2026,4
